Day,Time,Group,Food Name,Amount,Energy (kcal),B1 (Thiamine) (mg),B2 (Riboflavin) (mg),B3 (Niacin) (mg),B5 (Pantothenic Acid) (mg),B6 (Pyridoxine) (mg),B12 (Cobalamin) (µg),Choline (mg),Folate (µg),Retinol (µg),Vitamin A (IU),Vitamin C (mg),Vitamin E (mg),Vitamin K (µg),Calcium (mg),Copper (mg),Iron (mg),Magnesium (mg),Manganese (mg),Phosphorus (mg),Potassium (mg),Selenium (µg),Zinc (mg),Carbs (g),Fiber (g),Fructose (g),Starch (g),Sugars (g),Net Carbs (g),Fat (g),Cholesterol (mg),Polyunsaturated (g),Saturated (g),Omega-3 (g),Omega-6 (g),Alanine (g),Arginine (g),Aspartic acid (g),Cystine (g),Glutamic acid (g),Glycine (g),Histidine (g),Hydroxyproline (g),Isoleucine (g),Leucine (g),Lysine (g),Methionine (g),Phenylalanine (g),Proline (g),Protein (g),Serine (g),Threonine (g),Tryptophan (g),Tyrosine (g),Valine (g),Category
2020-06-29,05:17,Drinks,"Jasmine Tea","600.00 g",6.00,0.04,0.35,0.18,0.07,0.03,0.00,0.00,0.00,0.00,0.00,1.80,0.00,0.00,0.00,0.02,0.12,6.00,1.10,0.00,48.00,0.00,0.06,0.00,0.00,0.00,0.00,0.00,0.00,0.00,0.00,0.00,0.00,0.00,0.00,0.00,0.00,0.00,0.00,0.00,0.00,0.00,,0.00,0.00,0.00,0.00,0.00,0.00,1.32,0.00,0.00,0.00,0.00,0.00,"Beverages"
2020-06-29,,Drinks,"Kombucha","334.00 g",40.08,,,,,,,,,,,,,,0.00,,0.00,,,,0.00,,,10.02,0.00,,,5.34,10.02,0.00,0.00,,0.00,,,,,,,,,,,,,,,,,0.00,,,,,,""
2020-06-29,,Lunch,"Fat, mutton tallow","7.00 g",63.14,,,,,,,5.59,,,,,0.20,,,,,,,,,0.01,,,,,,,,7.00,7.14,0.55,3.31,0.16,0.39,,,,,,,,,,,,,,,,,,,,,"Fats and Oils"
2020-06-29,,Lunch,"Salmon, Atlantic, Farmed, Raw","180.00 g",374.40,0.37,0.28,15.61,2.78,1.14,5.81,141.30,46.80,27.00,90.00,7.02,6.39,0.90,16.20,0.08,0.61,48.60,0.02,432.00,653.40,43.20,0.65,0.00,0.00,0.00,0.00,0.00,0.00,24.16,99.00,6.99,5.49,,,2.29,2.20,3.65,0.39,5.09,1.73,0.99,0.07,1.74,2.91,3.37,1.13,1.52,1.30,36.76,1.61,1.55,0.38,1.37,1.99,"Finfish and Shellfish Products"
2020-06-29,,Lunch,"Peas, Green, Split, Mature Seeds, Raw","52.00 g",189.28,0.37,0.13,1.88,0.50,0.07,,81.59,7.80,,77.48,0.94,0.06,8.27,23.92,0.42,2.46,32.76,0.62,173.68,443.04,5.56,1.81,32.05,11.54,,18.87,1.63,20.50,2.02,,0.53,0.21,0.08,0.45,0.55,0.99,1.33,0.14,2.01,0.53,0.30,,0.51,0.87,0.92,0.10,0.60,0.54,12.02,0.56,0.42,0.08,0.27,0.54,"Legumes and Legume Products"
2020-06-29,,Lunch,"Egg, whole, raw, fresh, organic free range woodland","117.00 g",167.31,0.05,0.53,0.09,1.79,0.20,1.04,343.75,54.99,187.20,623.38,,1.23,0.35,65.52,0.08,2.05,14.04,0.03,231.66,161.46,35.92,1.51,0.84,,,,0.43,0.84,11.13,435.24,2.24,3.66,0.24,0.92,0.86,0.96,1.55,0.32,1.96,0.51,0.36,,0.79,1.27,1.07,0.44,0.80,0.60,14.70,1.14,0.65,0.20,0.58,1.00,"Dairy and Egg Products"
2020-06-29,,Lunch,"Soup, Stock, Chicken, Home-Prepared","293.00 g",105.48,0.10,0.25,4.64,,0.18,,26.96,14.65,2.93,8.79,0.59,0.09,0.59,8.79,0.16,0.62,11.72,,79.11,307.65,6.45,0.41,10.34,,,,4.63,10.34,3.52,8.79,0.62,0.94,0.03,0.60,,,,,,,,,,,,,,,7.38,,,,,,"Soups, Sauces, and Gravies"
2020-06-29,,Lunch,"Mushrooms, Raw","109.00 g",23.98,0.09,0.44,3.93,1.63,0.11,0.04,18.86,18.53,0.00,0.00,2.29,0.01,0.00,3.27,0.35,0.55,9.81,0.05,93.74,346.62,10.14,0.57,3.55,1.09,0.19,0.64,2.16,2.46,0.37,0.00,0.17,0.05,0.00,0.17,0.22,0.09,0.21,0.01,0.37,0.10,0.06,,0.08,0.13,0.12,0.03,0.09,0.08,3.37,0.10,0.12,0.04,0.05,0.25,"Vegetables and Vegetable Products"
2020-06-29,,Lunch,"Tomato Raw, Includes Cherry, Grape, Roma","77.00 g",13.86,0.03,0.01,0.46,0.07,0.06,0.00,5.16,11.55,0.00,641.41,10.55,0.42,6.08,7.70,0.05,0.21,8.47,0.09,18.48,182.49,0.00,0.13,3.00,0.92,1.05,0.00,2.03,2.07,0.15,0.00,0.06,0.02,0.00,0.06,0.02,0.02,0.10,0.01,0.33,0.01,0.01,,0.01,0.02,0.02,0.00,0.02,0.01,0.68,0.02,0.02,0.00,0.01,0.01,"Vegetables and Vegetable Products"
2020-06-29,,Lunch,"Collards, Raw","50.00 g",16.00,0.03,0.07,0.37,0.13,0.08,0.00,11.60,64.50,0.00,2509.50,17.65,1.13,218.55,116.00,0.02,0.24,13.50,0.33,12.50,106.50,0.65,0.11,2.71,2.00,0.11,0.48,0.23,0.71,0.31,0.00,0.10,0.03,0.05,0.04,0.05,0.06,0.09,0.01,0.10,0.05,0.02,,0.05,0.08,0.06,0.02,0.04,0.05,1.51,0.04,0.04,0.02,0.03,0.06,"Vegetables and Vegetable Products"
2020-06-29,,Lunch,"Garlic, Fresh","5.00 g",7.45,0.01,0.01,0.03,0.03,0.06,0.00,1.16,0.15,0.00,0.45,1.56,0.00,0.09,9.05,0.01,0.09,1.25,0.08,7.65,20.05,0.71,0.06,1.65,0.11,0.02,1.26,0.05,1.55,0.03,0.00,0.01,0.00,0.00,0.01,0.01,0.03,0.02,0.00,0.04,0.01,0.01,,0.01,0.02,0.01,0.00,0.01,0.01,0.32,0.01,0.01,0.00,0.00,0.01,"Vegetables and Vegetable Products"
2020-06-29,,Lunch,"Salt","8.00 g",0.00,0.00,0.00,0.00,0.00,0.00,0.00,0.00,0.00,0.00,0.00,0.00,0.00,0.00,1.92,0.00,0.03,0.08,0.01,0.00,0.64,0.01,0.01,0.00,0.00,0.00,0.00,0.00,0.00,0.00,0.00,0.00,0.00,0.00,0.00,0.00,0.00,0.00,0.00,0.00,0.00,0.00,,0.00,0.00,0.00,0.00,0.00,0.00,0.00,0.00,0.00,0.00,0.00,0.00,"Spices and Herbs"
2020-06-29,,Lunch,"Black Pepper, Ground","0.20 g",0.50,0.00,0.00,0.00,0.00,0.00,0.00,0.02,0.03,0.00,1.09,0.00,0.00,0.33,0.89,0.00,0.02,0.34,0.03,0.32,2.66,0.01,0.00,0.13,0.05,0.00,0.08,0.00,0.08,0.01,0.00,0.00,0.00,0.00,0.00,0.00,0.00,0.00,0.00,0.00,0.00,0.00,,0.00,0.00,0.00,0.00,0.00,0.00,0.02,0.00,0.00,0.00,0.00,0.00,"Spices and Herbs"
2020-06-29,,Lunch,"Sainsbury's Organic Mixed Herbs","0.20 g",0.57,0.00,0.00,0.01,0.00,0.00,,0.09,0.52,,9.34,0.08,0.02,2.40,3.48,0.00,0.13,0.64,0.01,0.40,2.50,0.01,0.01,0.13,0.08,0.00,0.04,0.01,0.05,0.02,,0.00,0.01,0.00,0.00,0.00,0.00,0.00,0.00,0.00,0.00,0.00,,0.00,0.00,0.00,0.00,0.00,0.00,0.02,0.00,0.00,0.00,0.00,0.00,"Spices and Herbs"
2020-06-29,,Lunch,"Curry Powder","2.00 g",6.50,0.00,0.00,0.07,0.02,0.00,0.00,1.28,1.12,0.00,0.38,0.01,0.50,2.00,10.50,0.02,0.38,5.10,0.17,7.34,23.40,0.81,0.09,1.12,1.06,0.02,0.00,0.06,0.05,0.28,0.00,0.06,0.03,0.01,0.06,0.01,0.02,0.04,0.00,0.05,0.02,0.01,,0.01,0.02,0.01,0.00,0.01,0.02,0.29,0.01,0.01,0.00,0.01,0.02,"Spices and Herbs"
2020-06-29,,Lunch,"Lemon Juice, Fresh","10.00 g",2.20,0.00,0.00,0.01,0.01,0.00,0.00,0.51,2.00,0.00,0.60,3.87,0.02,0.00,0.60,0.00,0.01,0.60,0.00,0.80,10.30,0.01,0.01,0.69,0.03,0.11,0.00,0.25,0.66,0.02,0.00,0.00,0.00,0.00,0.00,0.00,0.00,0.00,0.00,0.00,0.00,0.00,,0.00,0.00,0.00,0.00,0.00,0.00,0.03,0.00,0.00,0.00,0.00,0.00,"Fruits and Fruit Juices"
2020-06-29,,Lunch,"Egg shell, dried, ground","1.00 g",0.00,,,,,,,,,,,,,,400.00,,,4.50,,0.99,0.00,,0.00,0.00,0.00,0.00,0.00,0.00,0.00,0.00,,,,,,,,,,,,,,,,,,,,0.00,,,,,,"Dairy and Egg Products"
2020-06-29,,Lunch,"Arugula, Raw","20.00 g",5.00,0.01,0.02,0.06,0.09,0.01,0.00,3.06,19.40,0.00,474.60,3.00,0.09,21.72,32.00,0.02,0.29,9.40,0.06,10.40,73.80,0.06,0.09,0.73,0.32,0.20,0.00,0.41,0.41,0.13,0.00,0.06,0.02,0.03,0.03,,,,,,,,,,,,,,,0.52,,,,,,"Vegetables and Vegetable Products"
2020-06-29,,Lunch,"Watercress, Raw","20.00 g",2.20,0.02,0.02,0.04,0.06,0.03,0.00,1.80,1.80,0.00,638.20,8.60,0.20,50.00,24.00,0.02,0.04,4.20,0.05,12.00,66.00,0.18,0.02,0.26,0.10,0.01,0.02,0.04,0.16,0.02,0.00,0.01,0.01,0.00,0.00,0.03,0.03,0.04,0.00,0.04,0.02,0.01,,0.02,0.03,0.03,0.00,0.02,0.02,0.46,0.01,0.03,0.01,0.01,0.03,"Vegetables and Vegetable Products"
2020-06-29,,Lunch,"Raspberries, Fresh, Red","178.00 g",92.56,0.06,0.07,1.06,0.59,0.10,0.00,21.89,37.38,0.00,58.74,46.64,1.51,13.88,44.50,0.16,1.23,39.16,1.19,51.62,268.78,0.36,0.75,21.25,11.57,4.18,0.00,7.87,9.68,1.16,0.00,0.67,0.03,0.22,0.44,0.50,0.06,0.07,0.00,0.19,0.03,0.02,,0.01,0.01,0.02,0.01,0.01,0.26,2.14,0.25,0.07,0.01,0.04,0.04,"Fruits and Fruit Juices"
2020-06-29,,Lunch,"Apple, Fresh, Without Skin","69.00 g",33.12,0.01,0.02,0.06,0.05,0.03,0.00,2.35,0.00,0.00,26.22,2.76,0.03,0.41,3.45,0.02,0.05,2.76,0.03,7.59,62.10,0.00,0.03,8.80,0.90,4.16,0.00,6.97,7.91,0.09,0.00,0.03,0.01,0.00,0.02,0.01,0.00,0.05,0.00,0.02,0.01,0.00,,0.00,0.01,0.01,0.00,0.00,0.00,0.19,0.01,0.00,0.00,0.00,0.01,"Fruits and Fruit Juices"
2020-06-29,,Dinner,"Fat, mutton tallow","30.00 g",270.60,,,,,,,23.94,,,,,0.84,,,,,,,,,0.06,,,,,,,,30.00,30.60,2.34,14.19,0.69,1.65,,,,,,,,,,,,,,,,,,,,,"Fats and Oils"
2020-06-29,,Dinner,"Onion, White, Yellow or Red, Raw","101.00 g",40.40,0.05,0.03,0.12,0.12,0.12,0.00,6.16,19.19,0.00,2.02,7.47,0.02,0.40,23.23,0.04,0.21,10.10,0.13,29.29,147.46,0.51,0.17,9.43,1.47,1.30,0.00,4.28,7.96,0.10,0.00,0.02,0.04,0.00,0.01,0.02,0.11,0.09,0.00,0.26,0.03,0.01,,0.01,0.03,0.04,0.00,0.03,0.01,1.11,0.02,0.02,0.01,0.01,0.02,"Vegetables and Vegetable Products"
2020-06-29,12:33,Dinner,"Potatoes, White, Flesh and Skin, Raw","244.00 g",168.36,0.17,0.08,2.60,0.69,0.50,,26.84,43.92,,19.52,22.20,0.02,3.90,21.96,0.28,1.27,51.24,0.35,151.28,993.08,0.73,0.71,38.33,5.86,0.83,32.92,2.81,32.48,0.24,,0.10,0.06,0.02,0.08,0.12,0.20,0.95,0.05,0.70,0.11,0.07,,0.13,0.20,0.21,0.06,0.16,0.12,4.10,0.15,0.13,0.04,0.10,0.20,"Vegetables and Vegetable Products"
2020-06-29,,Dinner,"Curry Powder","1.00 g",3.25,0.00,0.00,0.03,0.01,0.00,0.00,0.64,0.56,0.00,0.19,0.01,0.25,1.00,5.25,0.01,0.19,2.55,0.08,3.67,11.70,0.40,0.05,0.56,0.53,0.01,0.00,0.03,0.03,0.14,0.00,0.03,0.02,0.00,0.03,0.01,0.01,0.02,0.00,0.02,0.01,0.00,,0.01,0.01,0.01,0.00,0.01,0.01,0.14,0.00,0.00,0.00,0.00,0.01,"Spices and Herbs"
2020-06-29,,Dinner,"Garlic, Fresh","5.00 g",7.45,0.01,0.01,0.03,0.03,0.06,0.00,1.16,0.15,0.00,0.45,1.56,0.00,0.09,9.05,0.01,0.09,1.25,0.08,7.65,20.05,0.71,0.06,1.65,0.11,0.02,1.26,0.05,1.55,0.03,0.00,0.01,0.00,0.00,0.01,0.01,0.03,0.02,0.00,0.04,0.01,0.01,,0.01,0.02,0.01,0.00,0.01,0.01,0.32,0.01,0.01,0.00,0.00,0.01,"Vegetables and Vegetable Products"
2020-06-29,,Dinner,"Salt","6.00 g",0.00,0.00,0.00,0.00,0.00,0.00,0.00,0.00,0.00,0.00,0.00,0.00,0.00,0.00,1.44,0.00,0.02,0.06,0.01,0.00,0.48,0.01,0.01,0.00,0.00,0.00,0.00,0.00,0.00,0.00,0.00,0.00,0.00,0.00,0.00,0.00,0.00,0.00,0.00,0.00,0.00,0.00,,0.00,0.00,0.00,0.00,0.00,0.00,0.00,0.00,0.00,0.00,0.00,0.00,"Spices and Herbs"
2020-06-29,,Dinner,"Black Pepper, Ground","0.20 g",0.50,0.00,0.00,0.00,0.00,0.00,0.00,0.02,0.03,0.00,1.09,0.00,0.00,0.33,0.89,0.00,0.02,0.34,0.03,0.32,2.66,0.01,0.00,0.13,0.05,0.00,0.08,0.00,0.08,0.01,0.00,0.00,0.00,0.00,0.00,0.00,0.00,0.00,0.00,0.00,0.00,0.00,,0.00,0.00,0.00,0.00,0.00,0.00,0.02,0.00,0.00,0.00,0.00,0.00,"Spices and Herbs"
2020-06-29,,Dinner,"Chicken, roasting, light meat, meat only, cooked, roasted","103.00 g",157.59,0.06,0.10,10.78,0.93,0.56,0.32,79.10,3.09,8.24,25.75,,0.28,0.31,13.39,0.04,1.11,23.69,0.02,223.51,243.08,26.57,0.80,,,,,,,4.19,77.25,0.96,1.11,0.07,0.71,1.52,1.69,2.49,0.36,4.18,1.37,0.87,,1.48,2.10,2.37,0.77,1.11,1.15,27.94,0.96,1.18,0.33,0.94,1.39,"Poultry Products"
2020-06-29,,Dinner,"Chicken, roasting, dark meat, meat only, cooked, roasted","128.00 g",227.84,0.08,0.25,7.34,1.31,0.40,0.35,,8.96,20.48,69.12,,,,14.08,0.09,1.70,25.60,0.02,218.88,286.72,25.09,2.73,,,,,,,11.20,96.00,2.56,3.11,0.19,2.16,1.62,1.79,2.65,0.38,4.46,1.46,0.92,,1.57,2.23,2.53,0.82,1.18,1.22,29.76,1.02,1.26,0.35,1.00,1.48,"Poultry Products"
2020-06-29,,Dinner,"Cabbage, Red, Raw","257.00 g",79.67,0.16,0.18,1.07,0.38,0.54,0.00,43.95,46.26,0.00,2868.12,146.49,0.18,98.17,115.65,0.04,2.06,41.12,0.62,77.10,624.51,1.54,0.57,18.94,5.40,3.80,0.00,9.84,13.54,0.41,0.00,0.21,0.05,0.12,0.09,0.12,0.21,0.35,0.03,0.85,0.09,0.06,,0.09,0.12,0.13,0.04,0.09,0.14,3.68,0.15,0.10,0.03,0.06,0.12,"Vegetables and Vegetable Products"
2020-06-29,,Dinner,"Cucumber, Raw, With Peel","185.00 g",27.75,0.05,0.06,0.18,0.48,0.07,0.00,11.10,12.95,0.00,194.25,5.18,0.06,30.34,29.60,0.08,0.52,24.05,0.15,44.40,271.95,0.56,0.37,6.72,2.11,1.61,1.54,3.09,4.61,0.20,0.00,0.06,0.07,0.01,0.05,0.04,0.08,0.08,0.01,0.36,0.04,0.02,,0.04,0.05,0.05,0.01,0.04,0.03,1.20,0.04,0.04,0.01,0.02,0.04,"Vegetables and Vegetable Products"
2020-06-29,,Dinner,"Dijon Mustard","15.00 g",15.29,0.01,0.01,0.19,0.00,0.02,0.00,2.69,3.40,0.00,133.83,0.88,0.18,0.83,9.17,0.01,0.39,6.77,0.29,16.96,29.64,3.87,0.15,0.95,0.48,0.03,0.24,0.16,0.46,0.87,0.00,0.18,0.07,0.08,0.10,0.03,0.04,0.05,0.01,0.12,0.03,0.02,,0.03,0.05,0.04,0.01,0.03,0.05,0.66,0.03,0.03,0.01,0.02,0.03,"Spices and Herbs"
2020-06-29,,Dinner,"Raspberries, Fresh, Red","174.00 g",90.48,0.06,0.07,1.04,0.57,0.10,0.00,21.40,36.54,0.00,57.42,45.59,1.48,13.57,43.50,0.16,1.20,38.28,1.17,50.46,262.74,0.35,0.73,20.78,11.31,4.09,0.00,7.69,9.47,1.13,0.00,0.65,0.03,0.22,0.43,0.49,0.06,0.07,0.00,0.18,0.03,0.02,,0.01,0.01,0.02,0.01,0.01,0.25,2.09,0.24,0.07,0.01,0.04,0.04,"Fruits and Fruit Juices"
2020-06-30,,Drinks,"Kombucha","334.00 g",40.08,,,,,,,,,,,,,,0.00,,0.00,,,,0.00,,,10.02,0.00,,,5.34,10.02,0.00,0.00,,0.00,,,,,,,,,,,,,,,,,0.00,,,,,,""
2020-06-30,05:17,Drinks,"Jasmine Tea","600.00 g",6.00,0.04,0.35,0.18,0.07,0.03,0.00,0.00,0.00,0.00,0.00,1.80,0.00,0.00,0.00,0.02,0.12,6.00,1.10,0.00,48.00,0.00,0.06,0.00,0.00,0.00,0.00,0.00,0.00,0.00,0.00,0.00,0.00,0.00,0.00,0.00,0.00,0.00,0.00,0.00,0.00,0.00,,0.00,0.00,0.00,0.00,0.00,0.00,1.32,0.00,0.00,0.00,0.00,0.00,"Beverages"
2020-06-30,,Lunch,"Fat, mutton tallow","42.00 g",378.84,,,,,,,33.52,,,,,1.18,,,,,,,,,0.08,,,,,,,,42.00,42.84,3.28,19.87,0.97,2.31,,,,,,,,,,,,,,,,,,,,,"Fats and Oils"
2020-06-30,,Lunch,"Onion, White, Yellow or Red, Raw","58.00 g",23.20,0.03,0.02,0.07,0.07,0.07,0.00,3.54,11.02,0.00,1.16,4.29,0.01,0.23,13.34,0.02,0.12,5.80,0.07,16.82,84.68,0.29,0.10,5.42,0.85,0.75,0.00,2.46,4.57,0.06,0.00,0.01,0.02,0.00,0.01,0.01,0.06,0.05,0.00,0.15,0.01,0.01,,0.01,0.01,0.02,0.00,0.01,0.01,0.64,0.01,0.01,0.01,0.01,0.01,"Vegetables and Vegetable Products"
2020-06-30,12:33,Lunch,"Potatoes, White, Flesh and Skin, Raw","402.00 g",277.38,0.29,0.14,4.29,1.13,0.82,,44.22,72.36,,32.16,36.58,0.04,6.43,36.18,0.47,2.09,84.42,0.58,249.24,1636.14,1.21,1.17,63.15,9.65,1.37,54.23,4.62,53.51,0.40,,0.17,0.10,0.04,0.13,0.21,0.33,1.57,0.08,1.15,0.18,0.11,,0.22,0.32,0.35,0.10,0.27,0.21,6.75,0.25,0.22,0.07,0.16,0.34,"Vegetables and Vegetable Products"
2020-06-30,,Lunch,"Garlic, Fresh","5.00 g",7.45,0.01,0.01,0.03,0.03,0.06,0.00,1.16,0.15,0.00,0.45,1.56,0.00,0.09,9.05,0.01,0.09,1.25,0.08,7.65,20.05,0.71,0.06,1.65,0.11,0.02,1.26,0.05,1.55,0.03,0.00,0.01,0.00,0.00,0.01,0.01,0.03,0.02,0.00,0.04,0.01,0.01,,0.01,0.02,0.01,0.00,0.01,0.01,0.32,0.01,0.01,0.00,0.00,0.01,"Vegetables and Vegetable Products"
2020-06-30,,Lunch,"Carrots, Raw","247.00 g",101.27,0.16,0.14,2.43,0.67,0.34,0.00,21.74,46.93,0.00,41263.82,14.57,2.12,20.50,81.51,0.11,0.74,29.64,0.35,86.45,790.40,0.25,0.59,23.66,6.92,1.36,3.53,11.71,16.75,0.59,0.00,0.25,0.08,0.00,0.25,0.28,0.22,0.47,0.21,0.90,0.12,0.10,,0.19,0.25,0.25,0.05,0.15,0.13,2.30,0.13,0.47,0.03,0.11,0.17,"Vegetables and Vegetable Products"
2020-06-30,,Lunch,"Curry Powder","2.00 g",6.50,0.00,0.00,0.07,0.02,0.00,0.00,1.28,1.12,0.00,0.38,0.01,0.50,2.00,10.50,0.02,0.38,5.10,0.17,7.34,23.40,0.81,0.09,1.12,1.06,0.02,0.00,0.06,0.05,0.28,0.00,0.06,0.03,0.01,0.06,0.01,0.02,0.04,0.00,0.05,0.02,0.01,,0.01,0.02,0.01,0.00,0.01,0.02,0.29,0.01,0.01,0.00,0.01,0.02,"Spices and Herbs"
2020-06-30,,Lunch,"Salt","10.00 g",0.00,0.00,0.00,0.00,0.00,0.00,0.00,0.00,0.00,0.00,0.00,0.00,0.00,0.00,2.40,0.00,0.03,0.10,0.01,0.00,0.80,0.01,0.01,0.00,0.00,0.00,0.00,0.00,0.00,0.00,0.00,0.00,0.00,0.00,0.00,0.00,0.00,0.00,0.00,0.00,0.00,0.00,,0.00,0.00,0.00,0.00,0.00,0.00,0.00,0.00,0.00,0.00,0.00,0.00,"Spices and Herbs"
2020-06-30,,Lunch,"Black Pepper, Ground","0.00 g",0.00,0.00,0.00,0.00,0.00,0.00,0.00,0.00,0.00,0.00,0.00,0.00,0.00,0.00,0.00,0.00,0.00,0.00,0.00,0.00,0.00,0.00,0.00,0.00,0.00,0.00,0.00,0.00,0.00,0.00,0.00,0.00,0.00,0.00,0.00,0.00,0.00,0.00,0.00,0.00,0.00,0.00,,0.00,0.00,0.00,0.00,0.00,0.00,0.00,0.00,0.00,0.00,0.00,0.00,"Spices and Herbs"
2020-06-30,,Lunch,"Cabbage, Red, Raw","298.00 g",92.38,0.19,0.21,1.25,0.44,0.62,0.00,50.96,53.64,0.00,3325.68,169.86,0.21,113.84,134.10,0.05,2.38,47.68,0.72,89.40,724.14,1.79,0.66,21.96,6.26,4.41,0.00,11.41,15.70,0.48,0.00,0.24,0.06,0.13,0.10,0.14,0.25,0.41,0.04,0.98,0.10,0.07,,0.10,0.14,0.15,0.04,0.11,0.16,4.26,0.18,0.12,0.04,0.07,0.14,"Vegetables and Vegetable Products"
2020-06-30,,Lunch,"Salmon, Atlantic, Farmed, Raw","307.00 g",638.56,0.64,0.48,26.62,4.75,1.95,9.92,241.00,79.82,46.05,153.50,11.97,10.90,1.54,27.63,0.14,1.04,82.89,0.03,736.80,1114.41,73.68,1.11,0.00,0.00,0.00,0.00,0.00,0.00,41.20,168.85,11.93,9.36,,,3.90,3.75,6.22,0.67,8.69,2.95,1.69,0.12,2.97,4.96,5.74,1.92,2.59,2.21,62.69,2.75,2.64,0.64,2.33,3.40,"Finfish and Shellfish Products"
2020-06-30,,Lunch,"Dijon Mustard","15.00 g",15.29,0.01,0.01,0.19,0.00,0.02,0.00,2.69,3.40,0.00,133.83,0.88,0.18,0.83,9.17,0.01,0.39,6.77,0.29,16.96,29.64,3.87,0.15,0.95,0.48,0.03,0.24,0.16,0.46,0.87,0.00,0.18,0.07,0.08,0.10,0.03,0.04,0.05,0.01,0.12,0.03,0.02,,0.03,0.05,0.04,0.01,0.03,0.05,0.66,0.03,0.03,0.01,0.02,0.03,"Spices and Herbs"
2020-06-30,,Lunch,"Lemon Juice, Fresh","10.00 g",2.20,0.00,0.00,0.01,0.01,0.00,0.00,0.51,2.00,0.00,0.60,3.87,0.02,0.00,0.60,0.00,0.01,0.60,0.00,0.80,10.30,0.01,0.01,0.69,0.03,0.11,0.00,0.25,0.66,0.02,0.00,0.00,0.00,0.00,0.00,0.00,0.00,0.00,0.00,0.00,0.00,0.00,,0.00,0.00,0.00,0.00,0.00,0.00,0.03,0.00,0.00,0.00,0.00,0.00,"Fruits and Fruit Juices"
2020-06-30,,Lunch,"Egg shell, dried, ground","1.00 g",0.00,,,,,,,,,,,,,,400.00,,,4.50,,0.99,0.00,,0.00,0.00,0.00,0.00,0.00,0.00,0.00,0.00,,,,,,,,,,,,,,,,,,,,0.00,,,,,,"Dairy and Egg Products"
2020-06-30,,Lunch,"Sweet Cherries, Fresh","350.00 g",220.50,0.09,0.12,0.54,0.70,0.17,0.00,21.35,14.00,0.00,224.00,24.50,0.21,7.35,45.50,0.21,1.26,38.50,0.25,73.50,777.00,0.00,0.25,56.04,7.35,18.80,0.00,44.87,48.69,0.70,0.00,0.18,0.13,0.00,0.09,0.09,0.06,1.99,0.04,0.29,0.08,0.05,,0.07,0.11,0.11,0.04,0.08,0.14,3.71,0.11,0.08,0.03,0.05,0.08,"Fruits and Fruit Juices"
2020-06-30,,Dinner,"Fat, mutton tallow","75.00 g",676.50,,,,,,,59.85,,,,,2.10,,,,,,,,,0.15,,,,,,,,75.00,76.50,5.85,35.47,1.72,4.13,,,,,,,,,,,,,,,,,,,,,"Fats and Oils"
2020-06-30,,Dinner,"Mushrooms, Raw","76.00 g",16.72,0.06,0.31,2.74,1.14,0.08,0.03,13.15,12.92,0.00,0.00,1.60,0.01,0.00,2.28,0.24,0.38,6.84,0.04,65.36,241.68,7.07,0.40,2.48,0.76,0.13,0.45,1.50,1.72,0.26,0.00,0.12,0.04,0.00,0.12,0.15,0.06,0.15,0.01,0.26,0.07,0.04,,0.06,0.09,0.08,0.02,0.06,0.06,2.35,0.07,0.08,0.03,0.03,0.18,"Vegetables and Vegetable Products"
2020-06-30,,Dinner,"Chicken, roasting, light meat, meat only, cooked, roasted","255.00 g",390.15,0.16,0.24,26.70,2.31,1.38,0.79,195.84,7.65,20.40,63.75,,0.69,0.77,33.15,0.11,2.75,58.65,0.04,553.35,601.80,65.79,1.99,,,,,,,10.38,191.25,2.37,2.75,0.18,1.76,3.77,4.17,6.17,0.88,10.36,3.40,2.15,,3.65,5.19,5.88,1.92,2.75,2.85,69.18,2.38,2.92,0.81,2.34,3.43,"Poultry Products"
2020-06-30,,Dinner,"Salt","10.00 g",0.00,0.00,0.00,0.00,0.00,0.00,0.00,0.00,0.00,0.00,0.00,0.00,0.00,0.00,2.40,0.00,0.03,0.10,0.01,0.00,0.80,0.01,0.01,0.00,0.00,0.00,0.00,0.00,0.00,0.00,0.00,0.00,0.00,0.00,0.00,0.00,0.00,0.00,0.00,0.00,0.00,0.00,,0.00,0.00,0.00,0.00,0.00,0.00,0.00,0.00,0.00,0.00,0.00,0.00,"Spices and Herbs"
2020-06-30,,Dinner,"Curry Powder","2.00 g",6.50,0.00,0.00,0.07,0.02,0.00,0.00,1.28,1.12,0.00,0.38,0.01,0.50,2.00,10.50,0.02,0.38,5.10,0.17,7.34,23.40,0.81,0.09,1.12,1.06,0.02,0.00,0.06,0.05,0.28,0.00,0.06,0.03,0.01,0.06,0.01,0.02,0.04,0.00,0.05,0.02,0.01,,0.01,0.02,0.01,0.00,0.01,0.02,0.29,0.01,0.01,0.00,0.01,0.02,"Spices and Herbs"
2020-06-30,,Dinner,"Egg, whole, raw, fresh, organic free range woodland","222.00 g",317.46,0.09,1.01,0.17,3.40,0.38,1.98,652.24,104.34,355.20,1182.82,,2.33,0.67,124.32,0.16,3.89,26.64,0.06,439.56,306.36,68.15,2.86,1.60,,,,0.82,1.60,21.11,825.84,4.24,6.94,0.45,1.75,1.63,1.82,2.95,0.60,3.71,0.96,0.69,,1.49,2.41,2.02,0.84,1.51,1.14,27.88,2.16,1.23,0.37,1.11,1.90,"Dairy and Egg Products"
2020-06-30,,Dinner,"Lentils, Raw","42.00 g",147.84,0.37,0.09,1.09,0.90,0.23,,40.49,201.18,,16.38,1.89,0.21,2.10,14.70,0.32,2.73,19.74,0.59,118.02,284.34,0.04,1.37,26.61,4.49,0.11,20.96,0.85,22.11,0.45,,0.22,0.06,0.05,0.17,0.43,0.80,1.14,0.14,1.60,0.42,0.29,,0.45,0.75,0.72,0.09,0.51,0.43,10.34,0.48,0.37,0.09,0.28,0.51,"Legumes and Legume Products"
2020-06-30,,Dinner,"Peas, Green, Split, Mature Seeds, Raw","60.00 g",218.40,0.43,0.15,2.16,0.58,0.08,,94.14,9.00,,89.40,1.08,0.07,9.54,27.60,0.49,2.84,37.80,0.71,200.40,511.20,6.42,2.09,36.98,13.32,,21.77,1.88,23.66,2.33,,0.61,0.24,0.10,0.51,0.63,1.14,1.53,0.16,2.32,0.61,0.35,,0.59,1.01,1.06,0.12,0.69,0.62,13.87,0.64,0.49,0.10,0.31,0.62,"Legumes and Legume Products"
2020-06-30,,Dinner,"Tomato Raw, Includes Cherry, Grape, Roma","174.00 g",31.32,0.06,0.03,1.03,0.15,0.14,0.00,11.66,26.10,0.00,1449.42,23.84,0.94,13.75,17.40,0.10,0.47,19.14,0.20,41.76,412.38,0.00,0.30,6.77,2.09,2.38,0.00,4.58,4.68,0.35,0.00,0.14,0.05,0.01,0.14,0.05,0.04,0.23,0.02,0.75,0.03,0.02,,0.03,0.04,0.05,0.01,0.05,0.03,1.53,0.05,0.05,0.01,0.02,0.03,"Vegetables and Vegetable Products"
2020-06-30,,Dinner,"Raspberries, Fresh, Red","345.00 g",179.40,0.11,0.13,2.06,1.14,0.19,0.00,42.44,72.45,0.00,113.85,90.39,2.93,26.91,86.25,0.31,2.38,75.90,2.31,100.05,520.95,0.69,1.45,41.19,22.43,8.11,0.00,15.25,18.77,2.24,0.00,1.29,0.07,0.43,0.86,0.96,0.12,0.14,0.00,0.36,0.06,0.03,,0.02,0.03,0.04,0.02,0.01,0.50,4.14,0.48,0.13,0.02,0.08,0.08,"Fruits and Fruit Juices"
2020-07-01,05:17,Drinks,"Jasmine Tea","600.00 g",6.00,0.04,0.35,0.18,0.07,0.03,0.00,0.00,0.00,0.00,0.00,1.80,0.00,0.00,0.00,0.02,0.12,6.00,1.10,0.00,48.00,0.00,0.06,0.00,0.00,0.00,0.00,0.00,0.00,0.00,0.00,0.00,0.00,0.00,0.00,0.00,0.00,0.00,0.00,0.00,0.00,0.00,,0.00,0.00,0.00,0.00,0.00,0.00,1.32,0.00,0.00,0.00,0.00,0.00,"Beverages"
2020-07-01,,Lunch,"Fat, mutton tallow","8.00 g",72.16,,,,,,,6.38,,,,,0.22,,,,,,,,,0.02,,,,,,,,8.00,8.16,0.62,3.78,0.18,0.44,,,,,,,,,,,,,,,,,,,,,"Fats and Oils"
2020-07-01,,Lunch,"Salmon, Atlantic, Farmed, Raw","172.00 g",357.76,0.36,0.27,14.92,2.66,1.09,5.56,135.02,44.72,25.80,86.00,6.71,6.11,0.86,15.48,0.08,0.58,46.44,0.02,412.80,624.36,41.28,0.62,0.00,0.00,0.00,0.00,0.00,0.00,23.08,94.60,6.68,5.25,,,2.19,2.10,3.48,0.38,4.87,1.65,0.94,0.07,1.66,2.78,3.22,1.08,1.45,1.24,35.12,1.54,1.48,0.36,1.31,1.90,"Finfish and Shellfish Products"
2020-07-01,,Lunch,"Rice, Brown, Long-Grain, Raw","44.00 g",161.48,0.24,0.04,2.86,0.47,0.21,,9.46,10.12,,,,0.26,0.26,3.96,0.13,0.57,51.04,1.26,136.84,110.00,7.52,0.94,33.55,1.58,,31.90,0.29,31.97,1.41,,0.44,0.26,0.01,0.43,0.20,0.26,0.33,0.04,0.71,0.17,0.09,,0.15,0.29,0.13,0.08,0.18,0.16,3.32,0.18,0.13,0.04,0.13,0.21,"Cereal Grains and Pasta"
2020-07-01,,Lunch,"Egg, whole, raw, fresh, organic free range woodland","116.00 g",165.88,0.05,0.53,0.09,1.78,0.20,1.03,340.81,54.52,185.60,618.05,,1.22,0.35,64.96,0.08,2.03,13.92,0.03,229.68,160.08,35.61,1.50,0.84,,,,0.43,0.84,11.03,431.52,2.22,3.63,0.24,0.92,0.85,0.95,1.54,0.32,1.94,0.50,0.36,,0.78,1.26,1.06,0.44,0.79,0.59,14.57,1.13,0.64,0.19,0.58,1.00,"Dairy and Egg Products"
2020-07-01,,Lunch,"Soup, Stock, Chicken, Home-Prepared","264.00 g",95.04,0.09,0.22,4.18,,0.16,,24.29,13.20,2.64,7.92,0.53,0.08,0.53,7.92,0.14,0.55,10.56,,71.28,277.20,5.81,0.37,9.32,,,,4.17,9.32,3.17,7.92,0.56,0.85,0.02,0.54,,,,,,,,,,,,,,,6.65,,,,,,"Soups, Sauces, and Gravies"
2020-07-01,,Lunch,"Mushrooms, Raw","93.00 g",20.46,0.08,0.37,3.35,1.39,0.10,0.04,16.09,15.81,0.00,0.00,1.95,0.01,0.00,2.79,0.30,0.47,8.37,0.04,79.98,295.74,8.65,0.48,3.03,0.93,0.16,0.55,1.84,2.10,0.32,0.00,0.15,0.05,0.00,0.15,0.19,0.07,0.18,0.01,0.32,0.09,0.05,,0.07,0.11,0.10,0.03,0.08,0.07,2.87,0.09,0.10,0.03,0.04,0.22,"Vegetables and Vegetable Products"
2020-07-01,,Lunch,"Tomato Raw, Includes Cherry, Grape, Roma","74.00 g",13.32,0.03,0.01,0.44,0.07,0.06,0.00,4.96,11.10,0.00,616.42,10.14,0.40,5.85,7.40,0.04,0.20,8.14,0.08,17.76,175.38,0.00,0.13,2.88,0.89,1.01,0.00,1.95,1.99,0.15,0.00,0.06,0.02,0.00,0.06,0.02,0.02,0.10,0.01,0.32,0.01,0.01,,0.01,0.02,0.02,0.00,0.02,0.01,0.65,0.02,0.02,0.00,0.01,0.01,"Vegetables and Vegetable Products"
2020-07-01,,Lunch,"Collards, Raw","70.00 g",22.40,0.04,0.09,0.52,0.19,0.12,0.00,16.24,90.30,0.00,3513.30,24.71,1.58,305.97,162.40,0.03,0.33,18.90,0.46,17.50,149.10,0.91,0.15,3.79,2.80,0.15,0.67,0.32,0.99,0.43,0.00,0.14,0.04,0.08,0.06,0.07,0.09,0.13,0.02,0.14,0.07,0.03,,0.07,0.11,0.08,0.02,0.06,0.07,2.11,0.05,0.06,0.02,0.05,0.08,"Vegetables and Vegetable Products"
2020-07-01,,Lunch,"Garlic, Fresh","5.00 g",7.45,0.01,0.01,0.03,0.03,0.06,0.00,1.16,0.15,0.00,0.45,1.56,0.00,0.09,9.05,0.01,0.09,1.25,0.08,7.65,20.05,0.71,0.06,1.65,0.11,0.02,1.26,0.05,1.55,0.03,0.00,0.01,0.00,0.00,0.01,0.01,0.03,0.02,0.00,0.04,0.01,0.01,,0.01,0.02,0.01,0.00,0.01,0.01,0.32,0.01,0.01,0.00,0.00,0.01,"Vegetables and Vegetable Products"
2020-07-01,,Lunch,"Salt","8.00 g",0.00,0.00,0.00,0.00,0.00,0.00,0.00,0.00,0.00,0.00,0.00,0.00,0.00,0.00,1.92,0.00,0.03,0.08,0.01,0.00,0.64,0.01,0.01,0.00,0.00,0.00,0.00,0.00,0.00,0.00,0.00,0.00,0.00,0.00,0.00,0.00,0.00,0.00,0.00,0.00,0.00,0.00,,0.00,0.00,0.00,0.00,0.00,0.00,0.00,0.00,0.00,0.00,0.00,0.00,"Spices and Herbs"
2020-07-01,,Lunch,"Black Pepper, Ground","0.20 g",0.50,0.00,0.00,0.00,0.00,0.00,0.00,0.02,0.03,0.00,1.09,0.00,0.00,0.33,0.89,0.00,0.02,0.34,0.03,0.32,2.66,0.01,0.00,0.13,0.05,0.00,0.08,0.00,0.08,0.01,0.00,0.00,0.00,0.00,0.00,0.00,0.00,0.00,0.00,0.00,0.00,0.00,,0.00,0.00,0.00,0.00,0.00,0.00,0.02,0.00,0.00,0.00,0.00,0.00,"Spices and Herbs"
2020-07-01,,Lunch,"Sainsbury's Organic Mixed Herbs","0.20 g",0.57,0.00,0.00,0.01,0.00,0.00,,0.09,0.52,,9.34,0.08,0.02,2.40,3.48,0.00,0.13,0.64,0.01,0.40,2.50,0.01,0.01,0.13,0.08,0.00,0.04,0.01,0.05,0.02,,0.00,0.01,0.00,0.00,0.00,0.00,0.00,0.00,0.00,0.00,0.00,,0.00,0.00,0.00,0.00,0.00,0.00,0.02,0.00,0.00,0.00,0.00,0.00,"Spices and Herbs"
2020-07-01,,Lunch,"Curry Powder","2.00 g",6.50,0.00,0.00,0.07,0.02,0.00,0.00,1.28,1.12,0.00,0.38,0.01,0.50,2.00,10.50,0.02,0.38,5.10,0.17,7.34,23.40,0.81,0.09,1.12,1.06,0.02,0.00,0.06,0.05,0.28,0.00,0.06,0.03,0.01,0.06,0.01,0.02,0.04,0.00,0.05,0.02,0.01,,0.01,0.02,0.01,0.00,0.01,0.02,0.29,0.01,0.01,0.00,0.01,0.02,"Spices and Herbs"
2020-07-01,,Lunch,"Lemon Juice, Fresh","10.00 g",2.20,0.00,0.00,0.01,0.01,0.00,0.00,0.51,2.00,0.00,0.60,3.87,0.02,0.00,0.60,0.00,0.01,0.60,0.00,0.80,10.30,0.01,0.01,0.69,0.03,0.11,0.00,0.25,0.66,0.02,0.00,0.00,0.00,0.00,0.00,0.00,0.00,0.00,0.00,0.00,0.00,0.00,,0.00,0.00,0.00,0.00,0.00,0.00,0.03,0.00,0.00,0.00,0.00,0.00,"Fruits and Fruit Juices"
2020-07-01,,Lunch,"Egg shell, dried, ground","1.00 g",0.00,,,,,,,,,,,,,,400.00,,,4.50,,0.99,0.00,,0.00,0.00,0.00,0.00,0.00,0.00,0.00,0.00,,,,,,,,,,,,,,,,,,,,0.00,,,,,,"Dairy and Egg Products"
2020-07-01,,Lunch,"Arugula, Raw","20.00 g",5.00,0.01,0.02,0.06,0.09,0.01,0.00,3.06,19.40,0.00,474.60,3.00,0.09,21.72,32.00,0.02,0.29,9.40,0.06,10.40,73.80,0.06,0.09,0.73,0.32,0.20,0.00,0.41,0.41,0.13,0.00,0.06,0.02,0.03,0.03,,,,,,,,,,,,,,,0.52,,,,,,"Vegetables and Vegetable Products"
2020-07-01,,Lunch,"Watercress, Raw","22.00 g",2.42,0.02,0.03,0.04,0.07,0.03,0.00,1.98,1.98,0.00,702.02,9.46,0.22,55.00,26.40,0.02,0.04,4.62,0.05,13.20,72.60,0.20,0.02,0.28,0.11,0.01,0.02,0.04,0.17,0.02,0.00,0.01,0.01,0.01,0.00,0.03,0.03,0.04,0.00,0.04,0.02,0.01,,0.02,0.04,0.03,0.00,0.03,0.02,0.51,0.01,0.03,0.01,0.01,0.03,"Vegetables and Vegetable Products"
2020-07-01,,Lunch,"Blackberries, Fresh","159.00 g",68.37,0.03,0.04,1.03,0.44,0.05,0.00,13.52,39.75,0.00,340.26,33.39,2.27,31.48,46.11,0.26,0.99,31.80,1.03,34.98,257.58,0.64,0.84,15.28,8.43,3.82,0.00,7.76,6.85,0.78,0.00,0.45,0.02,0.15,0.30,0.13,0.00,0.10,0.00,0.03,0.00,0.00,,0.00,0.00,0.00,0.00,0.00,0.02,2.21,0.03,0.02,0.00,0.00,0.02,"Fruits and Fruit Juices"
2020-07-01,,Dinner,"Fat, mutton tallow","25.00 g",225.50,,,,,,,19.95,,,,,0.70,,,,,,,,,0.05,,,,,,,,25.00,25.50,1.95,11.82,0.58,1.38,,,,,,,,,,,,,,,,,,,,,"Fats and Oils"
2020-07-01,,Dinner,"Onion, White, Yellow or Red, Raw","101.00 g",40.40,0.05,0.03,0.12,0.12,0.12,0.00,6.16,19.19,0.00,2.02,7.47,0.02,0.40,23.23,0.04,0.21,10.10,0.13,29.29,147.46,0.51,0.17,9.43,1.47,1.30,0.00,4.28,7.96,0.10,0.00,0.02,0.04,0.00,0.01,0.02,0.11,0.09,0.00,0.26,0.03,0.01,,0.01,0.03,0.04,0.00,0.03,0.01,1.11,0.02,0.02,0.01,0.01,0.02,"Vegetables and Vegetable Products"
2020-07-01,,Dinner,"Potatoes, White, Flesh and Skin, Raw","151.00 g",104.19,0.11,0.05,1.61,0.42,0.31,,16.61,27.18,,12.08,13.74,0.02,2.42,13.59,0.18,0.79,31.71,0.22,93.62,614.57,0.45,0.44,23.72,3.62,0.51,20.37,1.74,20.10,0.15,,0.06,0.04,0.02,0.05,0.08,0.12,0.59,0.03,0.43,0.07,0.04,,0.08,0.12,0.13,0.04,0.10,0.08,2.54,0.09,0.08,0.03,0.06,0.13,"Vegetables and Vegetable Products"
2020-07-01,,Dinner,"Curry Powder","1.00 g",3.25,0.00,0.00,0.03,0.01,0.00,0.00,0.64,0.56,0.00,0.19,0.01,0.25,1.00,5.25,0.01,0.19,2.55,0.08,3.67,11.70,0.40,0.05,0.56,0.53,0.01,0.00,0.03,0.03,0.14,0.00,0.03,0.02,0.00,0.03,0.01,0.01,0.02,0.00,0.02,0.01,0.00,,0.01,0.01,0.01,0.00,0.01,0.01,0.14,0.00,0.00,0.00,0.00,0.01,"Spices and Herbs"
2020-07-01,,Dinner,"Garlic, Fresh","5.00 g",7.45,0.01,0.01,0.03,0.03,0.06,0.00,1.16,0.15,0.00,0.45,1.56,0.00,0.09,9.05,0.01,0.09,1.25,0.08,7.65,20.05,0.71,0.06,1.65,0.11,0.02,1.26,0.05,1.55,0.03,0.00,0.01,0.00,0.00,0.01,0.01,0.03,0.02,0.00,0.04,0.01,0.01,,0.01,0.02,0.01,0.00,0.01,0.01,0.32,0.01,0.01,0.00,0.00,0.01,"Vegetables and Vegetable Products"
2020-07-01,,Dinner,"Salt","8.00 g",0.00,0.00,0.00,0.00,0.00,0.00,0.00,0.00,0.00,0.00,0.00,0.00,0.00,0.00,1.92,0.00,0.03,0.08,0.01,0.00,0.64,0.01,0.01,0.00,0.00,0.00,0.00,0.00,0.00,0.00,0.00,0.00,0.00,0.00,0.00,0.00,0.00,0.00,0.00,0.00,0.00,0.00,,0.00,0.00,0.00,0.00,0.00,0.00,0.00,0.00,0.00,0.00,0.00,0.00,"Spices and Herbs"
2020-07-01,,Dinner,"Black Pepper, Ground","0.20 g",0.50,0.00,0.00,0.00,0.00,0.00,0.00,0.02,0.03,0.00,1.09,0.00,0.00,0.33,0.89,0.00,0.02,0.34,0.03,0.32,2.66,0.01,0.00,0.13,0.05,0.00,0.08,0.00,0.08,0.01,0.00,0.00,0.00,0.00,0.00,0.00,0.00,0.00,0.00,0.00,0.00,0.00,,0.00,0.00,0.00,0.00,0.00,0.00,0.02,0.00,0.00,0.00,0.00,0.00,"Spices and Herbs"
2020-07-01,,Dinner,"Chicken, roasting, dark meat, meat only, cooked, roasted","149.00 g",265.22,0.09,0.29,8.55,1.53,0.46,0.40,,10.43,23.84,80.46,,,,16.39,0.10,1.98,29.80,0.03,254.79,333.76,29.20,3.17,,,,,,,13.04,111.75,2.98,3.62,0.22,2.52,1.89,2.09,3.09,0.44,5.19,1.70,1.08,,1.83,2.60,2.94,0.96,1.38,1.42,34.64,1.19,1.46,0.41,1.17,1.72,"Poultry Products"
2020-07-01,,Dinner,"Cabbage, Red, Raw","248.00 g",76.88,0.16,0.17,1.04,0.36,0.52,0.00,42.41,44.64,0.00,2767.68,141.36,0.17,94.74,111.60,0.04,1.98,39.68,0.60,74.40,602.64,1.49,0.55,18.28,5.21,3.67,0.00,9.50,13.07,0.40,0.00,0.20,0.05,0.11,0.09,0.12,0.21,0.34,0.03,0.82,0.08,0.06,,0.08,0.11,0.12,0.03,0.09,0.13,3.55,0.15,0.10,0.03,0.05,0.12,"Vegetables and Vegetable Products"
2020-07-01,,Dinner,"Cucumber, Raw, With Peel","153.00 g",22.95,0.04,0.05,0.15,0.40,0.06,0.00,9.18,10.71,0.00,160.65,4.28,0.05,25.09,24.48,0.06,0.43,19.89,0.12,36.72,224.91,0.46,0.31,5.55,1.74,1.33,1.27,2.56,3.81,0.17,0.00,0.05,0.06,0.01,0.04,0.04,0.07,0.06,0.01,0.30,0.04,0.02,,0.03,0.04,0.04,0.01,0.03,0.02,0.99,0.03,0.03,0.01,0.02,0.03,"Vegetables and Vegetable Products"
2020-07-01,,Dinner,"Dijon Mustard","0.00 g",0.00,0.00,0.00,0.00,0.00,0.00,0.00,0.00,0.00,0.00,0.00,0.00,0.00,0.00,0.00,0.00,0.00,0.00,0.00,0.00,0.00,0.00,0.00,0.00,0.00,0.00,0.00,0.00,0.00,0.00,0.00,0.00,0.00,0.00,0.00,0.00,0.00,0.00,0.00,0.00,0.00,0.00,,0.00,0.00,0.00,0.00,0.00,0.00,0.00,0.00,0.00,0.00,0.00,0.00,"Spices and Herbs"
2020-07-01,,Dinner,"Blackberries, Fresh","157.00 g",67.51,0.03,0.04,1.01,0.43,0.05,0.00,13.35,39.25,0.00,335.98,32.97,2.25,31.09,45.53,0.26,0.97,31.40,1.01,34.54,254.34,0.63,0.83,15.09,8.32,3.77,0.00,7.66,6.77,0.77,0.00,0.44,0.02,0.15,0.29,0.13,0.00,0.09,0.00,0.03,0.00,0.00,,0.00,0.00,0.00,0.00,0.00,0.02,2.18,0.03,0.02,0.00,0.00,0.02,"Fruits and Fruit Juices"
2020-07-02,05:17,Drinks,"Jasmine Tea","600.00 g",6.00,0.04,0.35,0.18,0.07,0.03,0.00,0.00,0.00,0.00,0.00,1.80,0.00,0.00,0.00,0.02,0.12,6.00,1.10,0.00,48.00,0.00,0.06,0.00,0.00,0.00,0.00,0.00,0.00,0.00,0.00,0.00,0.00,0.00,0.00,0.00,0.00,0.00,0.00,0.00,0.00,0.00,,0.00,0.00,0.00,0.00,0.00,0.00,1.32,0.00,0.00,0.00,0.00,0.00,"Beverages"
2020-07-02,12:29,Lunch,"Bread, from Wholemeal Flour, Sour Dough, Commercial","470.00 g",1120.33,2.32,0.34,27.12,,0.38,0.47,,1598.00,0.00,0.00,0.00,1.32,,376.00,,9.92,300.80,,827.20,958.80,68.62,6.39,213.85,30.08,,170.61,13.16,183.77,11.28,0.00,4.56,1.79,0.56,4.00,,,,,,,,,,,,,,,54.52,,,0.44,,,"Baked Products"
2020-07-02,12:31,Lunch,"Brie Cheese","160.00 g",534.40,0.11,0.83,0.61,1.10,0.38,2.64,24.64,104.00,276.80,947.20,0.00,0.38,3.68,294.40,0.03,0.80,32.00,0.05,300.80,243.20,23.20,3.81,0.72,0.00,0.00,0.00,0.72,0.72,44.29,160.00,1.32,27.86,0.50,0.82,1.37,1.18,2.16,0.18,7.02,0.64,1.15,,1.62,3.09,2.96,0.95,1.85,3.93,33.20,1.87,1.20,0.52,1.92,2.14,"Dairy and Egg Products"
2020-07-02,13:01,Lunch,"Butter, Salted","49.00 g",351.33,0.00,0.02,0.02,0.05,0.00,0.08,9.21,1.47,328.79,1224.51,0.00,1.14,3.43,11.76,0.00,0.01,0.98,0.00,11.76,11.76,0.49,0.04,0.03,0.00,0.00,0.00,0.03,0.03,39.74,105.35,1.49,25.17,0.15,1.34,0.01,0.02,0.03,0.00,0.09,0.01,0.01,,0.02,0.04,0.03,0.01,0.02,0.04,0.42,0.02,0.02,0.01,0.02,0.03,"Fats and Oils"
2020-07-02,13:01,Lunch,"Blueberries, Fresh","156.00 g",88.92,0.06,0.06,0.65,0.19,0.08,0.00,9.36,9.36,0.00,84.24,15.13,0.90,30.11,9.36,0.09,0.44,9.36,0.52,18.72,120.12,0.16,0.25,22.60,3.74,7.75,0.05,15.54,18.86,0.51,0.00,0.23,0.04,0.09,0.14,0.05,0.06,0.09,0.01,0.14,0.05,0.02,,0.04,0.07,0.02,0.02,0.04,0.04,1.15,0.03,0.03,0.00,0.01,0.05,"Fruits and Fruit Juices"
2020-07-02,13:01,Lunch,"Blackberries, Fresh","231.00 g",99.33,0.05,0.06,1.49,0.64,0.07,0.00,19.64,57.75,0.00,494.34,48.51,3.30,45.74,66.99,0.38,1.43,46.20,1.49,50.82,374.22,0.92,1.22,22.20,12.24,5.54,0.00,11.27,9.96,1.13,0.00,0.65,0.03,0.22,0.43,0.18,0.00,0.14,0.00,0.05,0.00,0.00,,0.00,0.00,0.00,0.00,0.00,0.02,3.21,0.05,0.02,0.00,0.00,0.02,"Fruits and Fruit Juices"
2020-07-02,,Dinner,"Fat, mutton tallow","35.00 g",315.70,,,,,,,27.93,,,,,0.98,,,,,,,,,0.07,,,,,,,,35.00,35.70,2.73,16.55,0.80,1.93,,,,,,,,,,,,,,,,,,,,,"Fats and Oils"
2020-07-02,,Dinner,"Onion, White, Yellow or Red, Raw","79.00 g",31.60,0.04,0.02,0.09,0.10,0.09,0.00,4.82,15.01,0.00,1.58,5.85,0.02,0.32,18.17,0.03,0.17,7.90,0.10,22.91,115.34,0.40,0.13,7.38,1.15,1.02,0.00,3.35,6.23,0.08,0.00,0.01,0.03,0.00,0.01,0.02,0.08,0.07,0.00,0.20,0.02,0.01,,0.01,0.02,0.03,0.00,0.02,0.01,0.87,0.02,0.02,0.01,0.01,0.02,"Vegetables and Vegetable Products"
2020-07-02,,Dinner,"Potatoes, White, Flesh and Skin, Raw","378.00 g",260.82,0.27,0.13,4.03,1.06,0.77,,41.58,68.04,,30.24,34.40,0.04,6.05,34.02,0.44,1.97,79.38,0.55,234.36,1538.46,1.13,1.10,59.38,9.07,1.29,50.99,4.35,50.31,0.38,,0.16,0.10,0.04,0.12,0.19,0.31,1.48,0.08,1.08,0.17,0.11,,0.20,0.30,0.33,0.10,0.25,0.19,6.35,0.23,0.21,0.06,0.15,0.32,"Vegetables and Vegetable Products"
2020-07-02,20:28,Dinner,"Carrots, Raw","129.00 g",52.89,0.09,0.07,1.27,0.35,0.18,0.00,11.35,24.51,0.00,21550.74,7.61,1.11,10.71,42.57,0.06,0.39,15.48,0.18,45.15,412.80,0.13,0.31,12.36,3.61,0.71,1.84,6.11,8.75,0.31,0.00,0.13,0.04,0.00,0.13,0.15,0.12,0.25,0.11,0.47,0.06,0.05,,0.10,0.13,0.13,0.03,0.08,0.07,1.20,0.07,0.25,0.02,0.06,0.09,"Vegetables and Vegetable Products"
2020-07-02,,Dinner,"Salt","8.00 g",0.00,0.00,0.00,0.00,0.00,0.00,0.00,0.00,0.00,0.00,0.00,0.00,0.00,0.00,1.92,0.00,0.03,0.08,0.01,0.00,0.64,0.01,0.01,0.00,0.00,0.00,0.00,0.00,0.00,0.00,0.00,0.00,0.00,0.00,0.00,0.00,0.00,0.00,0.00,0.00,0.00,0.00,,0.00,0.00,0.00,0.00,0.00,0.00,0.00,0.00,0.00,0.00,0.00,0.00,"Spices and Herbs"
2020-07-02,,Dinner,"Curry Powder","2.00 g",6.50,0.00,0.00,0.07,0.02,0.00,0.00,1.28,1.12,0.00,0.38,0.01,0.50,2.00,10.50,0.02,0.38,5.10,0.17,7.34,23.40,0.81,0.09,1.12,1.06,0.02,0.00,0.06,0.05,0.28,0.00,0.06,0.03,0.01,0.06,0.01,0.02,0.04,0.00,0.05,0.02,0.01,,0.01,0.02,0.01,0.00,0.01,0.02,0.29,0.01,0.01,0.00,0.01,0.02,"Spices and Herbs"
2020-07-02,20:30,Dinner,"Chicken, roasting, light meat, meat only, cooked, roasted","116.00 g",177.48,0.07,0.11,12.14,1.05,0.63,0.36,89.09,3.48,9.28,29.00,,0.31,0.35,15.08,0.05,1.25,26.68,0.02,251.72,273.76,29.93,0.90,,,,,,,4.72,87.00,1.08,1.25,0.08,0.80,1.72,1.90,2.80,0.40,4.71,1.55,0.98,,1.66,2.36,2.67,0.87,1.25,1.29,31.47,1.08,1.33,0.37,1.06,1.56,"Poultry Products"
2020-07-02,20:30,Dinner,"Salmon, Atlantic, Farmed, Raw","158.00 g",328.64,0.33,0.24,13.70,2.44,1.00,5.10,124.03,41.08,23.70,79.00,6.16,5.61,0.79,14.22,0.07,0.54,42.66,0.02,379.20,573.54,37.92,0.57,0.00,0.00,0.00,0.00,0.00,0.00,21.20,86.90,6.14,4.82,,,2.01,1.93,3.20,0.35,4.47,1.52,0.87,0.06,1.53,2.55,2.95,0.99,1.34,1.14,32.26,1.42,1.36,0.33,1.20,1.75,"Finfish and Shellfish Products"
2020-07-02,,Dinner,"Garlic, Fresh","7.00 g",10.43,0.01,0.01,0.05,0.04,0.09,0.00,1.62,0.21,0.00,0.63,2.18,0.01,0.12,12.67,0.02,0.12,1.75,0.12,10.71,28.07,0.99,0.08,2.31,0.15,0.03,1.76,0.07,2.17,0.04,0.00,0.02,0.01,0.00,0.02,0.01,0.04,0.03,0.00,0.06,0.01,0.01,,0.02,0.02,0.02,0.01,0.01,0.01,0.45,0.01,0.01,0.00,0.01,0.02,"Vegetables and Vegetable Products"
2020-07-02,,Dinner,"Black Pepper, Ground","0.20 g",0.50,0.00,0.00,0.00,0.00,0.00,0.00,0.02,0.03,0.00,1.09,0.00,0.00,0.33,0.89,0.00,0.02,0.34,0.03,0.32,2.66,0.01,0.00,0.13,0.05,0.00,0.08,0.00,0.08,0.01,0.00,0.00,0.00,0.00,0.00,0.00,0.00,0.00,0.00,0.00,0.00,0.00,,0.00,0.00,0.00,0.00,0.00,0.00,0.02,0.00,0.00,0.00,0.00,0.00,"Spices and Herbs"
2020-07-02,,Dinner,"Fat, mutton tallow","13.00 g",117.26,,,,,,,10.37,,,,,0.36,,,,,,,,,0.03,,,,,,,,13.00,13.26,1.01,6.15,0.30,0.72,,,,,,,,,,,,,,,,,,,,,"Fats and Oils"
2020-07-02,,Dinner,"Red Bell Peppers, Raw","351.00 g",91.26,0.19,0.30,3.44,1.11,1.02,0.00,19.66,161.46,0.00,10989.81,448.23,5.55,17.20,24.57,0.06,1.51,42.12,0.39,91.26,740.61,0.35,0.88,21.17,7.37,7.93,0.00,14.74,13.79,1.05,0.00,0.55,0.21,0.20,0.35,0.09,0.13,1.00,0.07,0.74,0.10,0.06,,0.07,0.13,0.13,0.02,0.18,0.08,3.47,0.18,0.14,0.04,0.03,0.11,"Vegetables and Vegetable Products"
2020-07-02,13:25,Dinner,"Egg, whole, raw, fresh, organic free range woodland","232.00 g",331.76,0.09,1.06,0.17,3.56,0.39,2.06,681.62,109.04,371.20,1236.10,,2.44,0.70,129.92,0.17,4.06,27.84,0.06,459.36,320.16,71.22,2.99,1.67,,,,0.86,1.67,22.06,863.04,4.43,7.25,0.47,1.83,1.71,1.90,3.08,0.63,3.88,1.00,0.72,,1.56,2.52,2.12,0.88,1.58,1.19,29.14,2.25,1.29,0.39,1.16,1.99,"Dairy and Egg Products"
2020-07-02,13:22,Dinner,"Sweet Cherries, Fresh","455.00 g",286.65,0.12,0.15,0.70,0.91,0.22,0.00,27.76,18.20,0.00,291.20,31.85,0.27,9.56,59.15,0.27,1.64,50.05,0.32,95.55,1010.10,0.00,0.32,72.85,9.56,24.43,0.00,58.33,63.29,0.91,0.00,0.24,0.17,0.00,0.12,0.12,0.08,2.59,0.05,0.38,0.10,0.07,,0.09,0.14,0.15,0.05,0.11,0.18,4.82,0.14,0.10,0.04,0.06,0.11,"Fruits and Fruit Juices"
2020-07-03,05:17,Drinks,"Jasmine Tea","600.00 g",6.00,0.04,0.35,0.18,0.07,0.03,0.00,0.00,0.00,0.00,0.00,1.80,0.00,0.00,0.00,0.02,0.12,6.00,1.10,0.00,48.00,0.00,0.06,0.00,0.00,0.00,0.00,0.00,0.00,0.00,0.00,0.00,0.00,0.00,0.00,0.00,0.00,0.00,0.00,0.00,0.00,0.00,,0.00,0.00,0.00,0.00,0.00,0.00,1.32,0.00,0.00,0.00,0.00,0.00,"Beverages"
2020-07-03,12:46,Lunch,"Oatmeal, Regular or Quick, Dry","100.00 g",379.00,0.46,0.16,1.13,1.12,0.10,0.00,40.40,32.00,0.00,0.00,0.00,0.42,2.00,52.00,0.39,4.25,138.00,3.63,410.00,362.00,28.90,3.64,67.70,10.10,0.00,57.92,0.99,57.60,6.52,0.00,2.30,1.11,0.10,2.20,0.56,0.85,1.22,0.46,2.83,0.64,0.28,,0.50,0.98,0.64,0.21,0.67,0.45,13.15,0.71,0.38,0.18,0.40,0.69,"Breakfast Cereals"
2020-07-03,12:46,Lunch,"Milk, Whole, 3.25% Milkfat, without Added Vitamin A and Vitamin D","616.00 g",375.76,0.28,1.04,0.55,2.30,0.22,2.77,88.09,30.80,277.20,997.92,,0.43,1.85,696.08,0.15,0.18,61.60,0.02,517.44,813.12,22.79,2.28,29.44,,,,31.11,29.44,20.14,61.60,1.20,11.49,0.46,0.74,0.66,0.55,1.66,0.12,4.36,0.38,0.59,,1.00,1.84,1.63,0.51,1.00,1.92,19.40,1.17,0.83,0.25,0.98,1.27,"Dairy and Egg Products"
2020-07-03,12:47,Lunch,"Raspberries, Fresh, Red","169.00 g",87.88,0.05,0.06,1.01,0.56,0.09,0.00,20.79,35.49,0.00,55.77,44.28,1.44,13.18,42.25,0.15,1.17,37.18,1.13,49.01,255.19,0.34,0.71,20.18,10.99,3.97,0.00,7.47,9.19,1.10,0.00,0.63,0.03,0.21,0.42,0.47,0.06,0.07,0.00,0.18,0.03,0.02,,0.01,0.01,0.02,0.01,0.01,0.24,2.03,0.23,0.06,0.01,0.04,0.04,"Fruits and Fruit Juices"
2020-07-03,,Dinner,"Fat, mutton tallow","9.00 g",81.18,,,,,,,7.18,,,,,0.25,,,,,,,,,0.02,,,,,,,,9.00,9.18,0.70,4.26,0.21,0.50,,,,,,,,,,,,,,,,,,,,,"Fats and Oils"
2020-07-03,05:46,Dinner,"Peas, Green, Split, Mature Seeds, Raw","40.00 g",145.60,0.29,0.10,1.44,0.38,0.06,,62.76,6.00,,59.60,0.72,0.05,6.36,18.40,0.32,1.89,25.20,0.48,133.60,340.80,4.28,1.40,24.65,8.88,,14.52,1.26,15.77,1.56,,0.41,0.16,0.07,0.34,0.42,0.76,1.02,0.11,1.55,0.40,0.23,,0.39,0.67,0.71,0.08,0.46,0.41,9.25,0.43,0.33,0.06,0.21,0.41,"Legumes and Legume Products"
2020-07-03,,Dinner,"Cowpeas, common (blackeyes, crowder, southern), mature seeds, raw","40.00 g",134.40,0.34,0.09,0.83,0.60,0.14,,37.88,253.20,,20.00,0.60,0.16,2.00,44.00,0.34,3.31,73.60,0.61,169.60,444.80,3.60,1.35,24.01,4.24,,17.01,2.76,19.77,0.50,,0.22,0.13,0.08,0.14,0.43,0.65,1.14,0.10,1.78,0.39,0.29,,0.38,0.72,0.64,0.13,0.55,0.42,9.41,0.47,0.36,0.12,0.30,0.45,"Legumes and Legume Products"
2020-07-03,12:45,Dinner,"Eggs, Cooked","121.00 g",187.55,0.08,0.62,0.08,1.69,0.15,1.34,355.50,53.24,179.08,629.20,0.00,1.25,0.36,60.50,0.02,1.44,12.10,0.03,208.12,152.46,37.27,1.27,1.36,0.00,0.00,0.00,1.36,1.36,12.84,451.33,1.71,3.95,0.08,1.62,0.85,0.91,1.53,0.35,1.99,0.51,0.36,,0.83,1.30,1.09,0.47,0.81,0.61,15.22,1.13,0.73,0.19,0.62,0.93,"Dairy and Egg Products"
2020-07-03,,Dinner,"Soup, Stock, Chicken, Home-Prepared","271.00 g",97.56,0.09,0.23,4.29,,0.17,,24.93,13.55,2.71,8.13,0.54,0.08,0.54,8.13,0.15,0.57,10.84,,73.17,284.55,5.96,0.38,9.57,,,,4.28,9.57,3.25,8.13,0.58,0.87,0.02,0.55,,,,,,,,,,,,,,,6.83,,,,,,"Soups, Sauces, and Gravies"
2020-07-03,,Dinner,"Mushrooms, Raw","87.00 g",19.14,0.07,0.35,3.14,1.30,0.09,0.03,15.05,14.79,0.00,0.00,1.83,0.01,0.00,2.61,0.28,0.44,7.83,0.04,74.82,276.66,8.09,0.45,2.84,0.87,0.15,0.51,1.72,1.97,0.30,0.00,0.14,0.04,0.00,0.14,0.17,0.07,0.17,0.01,0.30,0.08,0.05,,0.07,0.10,0.09,0.03,0.07,0.07,2.69,0.08,0.09,0.03,0.04,0.20,"Vegetables and Vegetable Products"
2020-07-03,,Dinner,"Tomato Raw, Includes Cherry, Grape, Roma","87.00 g",15.66,0.03,0.02,0.52,0.08,0.07,0.00,5.83,13.05,0.00,724.71,11.92,0.47,6.87,8.70,0.05,0.23,9.57,0.10,20.88,206.19,0.00,0.15,3.38,1.04,1.19,0.00,2.29,2.34,0.17,0.00,0.07,0.02,0.00,0.07,0.02,0.02,0.12,0.01,0.37,0.02,0.01,,0.02,0.02,0.02,0.01,0.02,0.01,0.77,0.02,0.02,0.01,0.01,0.02,"Vegetables and Vegetable Products"
2020-07-03,,Dinner,"Collards, Raw","60.00 g",19.20,0.03,0.08,0.45,0.16,0.10,0.00,13.92,77.40,0.00,3011.40,21.18,1.36,262.26,139.20,0.03,0.28,16.20,0.39,15.00,127.80,0.78,0.13,3.25,2.40,0.13,0.58,0.28,0.85,0.37,0.00,0.12,0.03,0.06,0.05,0.06,0.08,0.11,0.02,0.12,0.06,0.03,,0.06,0.09,0.07,0.02,0.05,0.06,1.81,0.05,0.05,0.02,0.04,0.07,"Vegetables and Vegetable Products"
2020-07-03,,Dinner,"Garlic, Fresh","5.00 g",7.45,0.01,0.01,0.03,0.03,0.06,0.00,1.16,0.15,0.00,0.45,1.56,0.00,0.09,9.05,0.01,0.09,1.25,0.08,7.65,20.05,0.71,0.06,1.65,0.11,0.02,1.26,0.05,1.55,0.03,0.00,0.01,0.00,0.00,0.01,0.01,0.03,0.02,0.00,0.04,0.01,0.01,,0.01,0.02,0.01,0.00,0.01,0.01,0.32,0.01,0.01,0.00,0.00,0.01,"Vegetables and Vegetable Products"
2020-07-03,,Dinner,"Salt","8.00 g",0.00,0.00,0.00,0.00,0.00,0.00,0.00,0.00,0.00,0.00,0.00,0.00,0.00,0.00,1.92,0.00,0.03,0.08,0.01,0.00,0.64,0.01,0.01,0.00,0.00,0.00,0.00,0.00,0.00,0.00,0.00,0.00,0.00,0.00,0.00,0.00,0.00,0.00,0.00,0.00,0.00,0.00,,0.00,0.00,0.00,0.00,0.00,0.00,0.00,0.00,0.00,0.00,0.00,0.00,"Spices and Herbs"
2020-07-03,,Dinner,"Black Pepper, Ground","0.20 g",0.50,0.00,0.00,0.00,0.00,0.00,0.00,0.02,0.03,0.00,1.09,0.00,0.00,0.33,0.89,0.00,0.02,0.34,0.03,0.32,2.66,0.01,0.00,0.13,0.05,0.00,0.08,0.00,0.08,0.01,0.00,0.00,0.00,0.00,0.00,0.00,0.00,0.00,0.00,0.00,0.00,0.00,,0.00,0.00,0.00,0.00,0.00,0.00,0.02,0.00,0.00,0.00,0.00,0.00,"Spices and Herbs"
2020-07-03,,Dinner,"Sainsbury's Organic Mixed Herbs","0.20 g",0.57,0.00,0.00,0.01,0.00,0.00,,0.09,0.52,,9.34,0.08,0.02,2.40,3.48,0.00,0.13,0.64,0.01,0.40,2.50,0.01,0.01,0.13,0.08,0.00,0.04,0.01,0.05,0.02,,0.00,0.01,0.00,0.00,0.00,0.00,0.00,0.00,0.00,0.00,0.00,,0.00,0.00,0.00,0.00,0.00,0.00,0.02,0.00,0.00,0.00,0.00,0.00,"Spices and Herbs"
2020-07-03,,Dinner,"Curry Powder","2.00 g",6.50,0.00,0.00,0.07,0.02,0.00,0.00,1.28,1.12,0.00,0.38,0.01,0.50,2.00,10.50,0.02,0.38,5.10,0.17,7.34,23.40,0.81,0.09,1.12,1.06,0.02,0.00,0.06,0.05,0.28,0.00,0.06,0.03,0.01,0.06,0.01,0.02,0.04,0.00,0.05,0.02,0.01,,0.01,0.02,0.01,0.00,0.01,0.02,0.29,0.01,0.01,0.00,0.01,0.02,"Spices and Herbs"
2020-07-03,19:24,Dinner,"Chicken, roasting, dark meat, meat only, cooked, roasted","159.00 g",283.02,0.10,0.31,9.12,1.63,0.49,0.43,,11.13,25.44,85.86,,,,17.49,0.11,2.11,31.80,0.03,271.89,356.16,31.16,3.39,,,,,,,13.91,119.25,3.18,3.86,0.24,2.69,2.02,2.23,3.29,0.47,5.54,1.82,1.15,,1.95,2.77,3.14,1.02,1.47,1.52,36.97,1.27,1.56,0.43,1.25,1.83,"Poultry Products"
2020-07-03,,Dinner,"Lemon Juice, Fresh","10.00 g",2.20,0.00,0.00,0.01,0.01,0.00,0.00,0.51,2.00,0.00,0.60,3.87,0.02,0.00,0.60,0.00,0.01,0.60,0.00,0.80,10.30,0.01,0.01,0.69,0.03,0.11,0.00,0.25,0.66,0.02,0.00,0.00,0.00,0.00,0.00,0.00,0.00,0.00,0.00,0.00,0.00,0.00,,0.00,0.00,0.00,0.00,0.00,0.00,0.03,0.00,0.00,0.00,0.00,0.00,"Fruits and Fruit Juices"
2020-07-03,,Dinner,"Egg shell, dried, ground","1.00 g",0.00,,,,,,,,,,,,,,400.00,,,4.50,,0.99,0.00,,0.00,0.00,0.00,0.00,0.00,0.00,0.00,0.00,,,,,,,,,,,,,,,,,,,,0.00,,,,,,"Dairy and Egg Products"
2020-07-03,,Dinner,"Arugula, Raw","29.00 g",7.25,0.01,0.02,0.09,0.13,0.02,0.00,4.44,28.13,0.00,688.17,4.35,0.12,31.49,46.40,0.02,0.42,13.63,0.09,15.08,107.01,0.09,0.14,1.06,0.46,0.30,0.00,0.59,0.59,0.19,0.00,0.09,0.02,0.05,0.04,,,,,,,,,,,,,,,0.75,,,,,,"Vegetables and Vegetable Products"
2020-07-03,,Dinner,"Watercress, Raw","13.00 g",1.43,0.01,0.02,0.03,0.04,0.02,0.00,1.17,1.17,0.00,414.83,5.59,0.13,32.50,15.60,0.01,0.03,2.73,0.03,7.80,42.90,0.12,0.01,0.17,0.07,0.00,0.01,0.03,0.10,0.01,0.00,0.00,0.00,0.00,0.00,0.02,0.02,0.02,0.00,0.02,0.01,0.01,,0.01,0.02,0.02,0.00,0.01,0.01,0.30,0.01,0.02,0.00,0.01,0.02,"Vegetables and Vegetable Products"
2020-07-03,19:45,Dinner,"Blueberries, Fresh","154.00 g",87.78,0.06,0.06,0.64,0.19,0.08,0.00,9.24,9.24,0.00,83.16,14.94,0.89,29.72,9.24,0.09,0.43,9.24,0.52,18.48,118.58,0.15,0.25,22.31,3.70,7.65,0.05,15.34,18.62,0.51,0.00,0.22,0.04,0.09,0.14,0.05,0.06,0.09,0.01,0.14,0.05,0.02,,0.04,0.07,0.02,0.02,0.04,0.04,1.14,0.03,0.03,0.00,0.01,0.05,"Fruits and Fruit Juices"
2020-07-04,05:17,Drinks,"Jasmine Tea","600.00 g",6.00,0.04,0.35,0.18,0.07,0.03,0.00,0.00,0.00,0.00,0.00,1.80,0.00,0.00,0.00,0.02,0.12,6.00,1.10,0.00,48.00,0.00,0.06,0.00,0.00,0.00,0.00,0.00,0.00,0.00,0.00,0.00,0.00,0.00,0.00,0.00,0.00,0.00,0.00,0.00,0.00,0.00,,0.00,0.00,0.00,0.00,0.00,0.00,1.32,0.00,0.00,0.00,0.00,0.00,"Beverages"
2020-07-04,,Lunch,"Fat, mutton tallow","35.00 g",315.70,,,,,,,27.93,,,,,0.98,,,,,,,,,0.07,,,,,,,,35.00,35.70,2.73,16.55,0.80,1.93,,,,,,,,,,,,,,,,,,,,,"Fats and Oils"
2020-07-04,,Lunch,"Onion, White, Yellow or Red, Raw","146.00 g",58.40,0.07,0.04,0.17,0.18,0.18,0.00,8.91,27.74,0.00,2.92,10.80,0.03,0.58,33.58,0.06,0.31,14.60,0.19,42.34,213.16,0.73,0.25,13.64,2.13,1.88,0.00,6.19,11.50,0.15,0.00,0.02,0.06,0.01,0.02,0.03,0.15,0.13,0.01,0.38,0.04,0.02,,0.02,0.04,0.06,0.00,0.04,0.02,1.61,0.03,0.03,0.02,0.02,0.03,"Vegetables and Vegetable Products"
2020-07-04,,Lunch,"Potatoes, White, Flesh and Skin, Raw","361.00 g",249.09,0.26,0.12,3.85,1.01,0.73,,39.71,64.98,,28.88,32.85,0.04,5.78,32.49,0.42,1.88,75.81,0.52,223.82,1469.27,1.08,1.05,56.71,8.66,1.23,48.70,4.15,48.05,0.36,,0.16,0.09,0.04,0.12,0.18,0.30,1.41,0.07,1.03,0.17,0.10,,0.19,0.29,0.31,0.09,0.24,0.18,6.06,0.22,0.20,0.06,0.14,0.30,"Vegetables and Vegetable Products"
2020-07-04,,Lunch,"Garlic, Fresh","7.00 g",10.43,0.01,0.01,0.05,0.04,0.09,0.00,1.62,0.21,0.00,0.63,2.18,0.01,0.12,12.67,0.02,0.12,1.75,0.12,10.71,28.07,0.99,0.08,2.31,0.15,0.03,1.76,0.07,2.17,0.04,0.00,0.02,0.01,0.00,0.02,0.01,0.04,0.03,0.00,0.06,0.01,0.01,,0.02,0.02,0.02,0.01,0.01,0.01,0.45,0.01,0.01,0.00,0.01,0.02,"Vegetables and Vegetable Products"
2020-07-04,11:13,Lunch,"Beets, Raw","248.00 g",106.64,0.08,0.10,0.83,0.38,0.17,0.00,14.88,270.32,0.00,81.84,12.15,0.10,0.50,39.68,0.19,1.98,57.04,0.82,99.20,806.00,1.74,0.87,23.71,6.94,0.50,1.19,16.76,16.76,0.42,0.00,0.15,0.07,0.01,0.14,0.15,0.10,0.29,0.05,1.06,0.08,0.05,,0.12,0.17,0.14,0.04,0.11,0.10,3.99,0.15,0.12,0.05,0.09,0.14,"Vegetables and Vegetable Products"
2020-07-04,,Lunch,"Salt","8.00 g",0.00,0.00,0.00,0.00,0.00,0.00,0.00,0.00,0.00,0.00,0.00,0.00,0.00,0.00,1.92,0.00,0.03,0.08,0.01,0.00,0.64,0.01,0.01,0.00,0.00,0.00,0.00,0.00,0.00,0.00,0.00,0.00,0.00,0.00,0.00,0.00,0.00,0.00,0.00,0.00,0.00,0.00,,0.00,0.00,0.00,0.00,0.00,0.00,0.00,0.00,0.00,0.00,0.00,0.00,"Spices and Herbs"
2020-07-04,,Lunch,"Curry Powder","2.00 g",6.50,0.00,0.00,0.07,0.02,0.00,0.00,1.28,1.12,0.00,0.38,0.01,0.50,2.00,10.50,0.02,0.38,5.10,0.17,7.34,23.40,0.81,0.09,1.12,1.06,0.02,0.00,0.06,0.05,0.28,0.00,0.06,0.03,0.01,0.06,0.01,0.02,0.04,0.00,0.05,0.02,0.01,,0.01,0.02,0.01,0.00,0.01,0.02,0.29,0.01,0.01,0.00,0.01,0.02,"Spices and Herbs"
2020-07-04,20:30,Lunch,"Salmon, Atlantic, Farmed, Raw","223.00 g",463.84,0.46,0.35,19.34,3.45,1.42,7.20,175.06,57.98,33.45,111.50,8.70,7.92,1.12,20.07,0.10,0.76,60.21,0.02,535.20,809.49,53.52,0.80,0.00,0.00,0.00,0.00,0.00,0.00,29.93,122.65,8.67,6.80,,,2.83,2.72,4.52,0.49,6.31,2.14,1.22,0.09,2.16,3.60,4.17,1.40,1.88,1.61,45.54,2.00,1.92,0.47,1.69,2.47,"Finfish and Shellfish Products"
2020-07-04,,Lunch,"Fat, mutton tallow","26.00 g",234.52,,,,,,,20.75,,,,,0.73,,,,,,,,,0.05,,,,,,,,26.00,26.52,2.03,12.30,0.60,1.43,,,,,,,,,,,,,,,,,,,,,"Fats and Oils"
2020-07-04,11:20,Lunch,"Rhubarb, Fresh","110.00 g",23.10,0.02,0.03,0.33,0.09,0.03,0.00,6.71,7.70,0.00,112.20,8.80,0.30,32.23,94.60,0.02,0.24,13.20,0.22,15.40,316.80,1.21,0.11,4.99,1.98,0.44,0.00,1.21,3.01,0.22,0.00,0.11,0.06,0.00,0.11,0.03,0.03,0.05,0.00,0.08,0.03,0.02,,0.03,0.04,0.04,0.01,0.03,0.03,0.99,0.03,0.02,0.01,0.02,0.04,"Fruits and Fruit Juices"
2020-07-04,,Lunch,"Red Bell Peppers, Raw","100.00 g",26.00,0.05,0.09,0.98,0.32,0.29,0.00,5.60,46.00,0.00,3131.00,127.70,1.58,4.90,7.00,0.02,0.43,12.00,0.11,26.00,211.00,0.10,0.25,6.03,2.10,2.26,0.00,4.20,3.93,0.30,0.00,0.16,0.06,0.06,0.10,0.03,0.04,0.28,0.02,0.21,0.03,0.02,,0.02,0.04,0.04,0.01,0.05,0.02,0.99,0.05,0.04,0.01,0.01,0.03,"Vegetables and Vegetable Products"
2020-07-04,13:25,Lunch,"Egg, whole, raw, fresh, organic free range woodland","232.00 g",331.76,0.09,1.06,0.17,3.56,0.39,2.06,681.62,109.04,371.20,1236.10,,2.44,0.70,129.92,0.17,4.06,27.84,0.06,459.36,320.16,71.22,2.99,1.67,,,,0.86,1.67,22.06,863.04,4.43,7.25,0.47,1.83,1.71,1.90,3.08,0.63,3.88,1.00,0.72,,1.56,2.52,2.12,0.88,1.58,1.19,29.14,2.25,1.29,0.39,1.16,1.99,"Dairy and Egg Products"
2020-07-04,,Lunch,"Lemon Juice, Fresh","10.00 g",2.20,0.00,0.00,0.01,0.01,0.00,0.00,0.51,2.00,0.00,0.60,3.87,0.02,0.00,0.60,0.00,0.01,0.60,0.00,0.80,10.30,0.01,0.01,0.69,0.03,0.11,0.00,0.25,0.66,0.02,0.00,0.00,0.00,0.00,0.00,0.00,0.00,0.00,0.00,0.00,0.00,0.00,,0.00,0.00,0.00,0.00,0.00,0.00,0.03,0.00,0.00,0.00,0.00,0.00,"Fruits and Fruit Juices"
2020-07-04,,Lunch,"Egg shell, dried, ground","1.00 g",0.00,,,,,,,,,,,,,,400.00,,,4.50,,0.99,0.00,,0.00,0.00,0.00,0.00,0.00,0.00,0.00,0.00,,,,,,,,,,,,,,,,,,,,0.00,,,,,,"Dairy and Egg Products"
2020-07-04,11:36,Lunch,"Raspberries, Fresh, Red","220.00 g",114.40,0.07,0.08,1.32,0.72,0.12,0.00,27.06,46.20,0.00,72.60,57.64,1.87,17.16,55.00,0.20,1.52,48.40,1.47,63.80,332.20,0.44,0.92,26.27,14.30,5.17,0.00,9.72,11.97,1.43,0.00,0.83,0.04,0.28,0.55,0.61,0.07,0.09,0.00,0.23,0.04,0.02,,0.02,0.02,0.02,0.01,0.01,0.32,2.64,0.31,0.08,0.02,0.05,0.05,"Fruits and Fruit Juices"
2020-07-04,18:34,Dinner,"Rye Bread","311.00 g",805.49,1.35,1.04,11.83,1.37,0.23,0.00,45.41,469.61,0.00,21.77,1.24,1.03,3.73,227.03,0.58,8.80,124.40,2.56,388.75,516.26,96.10,3.55,150.21,13.87,0.00,130.62,11.97,136.34,10.26,0.00,2.48,1.95,0.13,2.30,0.93,1.01,1.37,0.54,8.10,0.94,0.57,,0.99,1.80,0.72,0.43,1.28,2.83,26.44,1.30,0.79,0.30,0.66,1.18,"Baked Products"
2020-07-04,18:35,Dinner,"Brie Cheese","135.00 g",450.90,0.09,0.70,0.51,0.93,0.32,2.23,20.79,87.75,233.55,799.20,0.00,0.32,3.11,248.40,0.03,0.68,27.00,0.05,253.80,205.20,19.58,3.21,0.61,0.00,0.00,0.00,0.61,0.61,37.37,135.00,1.12,23.50,0.42,0.69,1.16,0.99,1.82,0.15,5.92,0.54,0.97,,1.37,2.60,2.50,0.80,1.56,3.32,28.01,1.58,1.01,0.43,1.62,1.81,"Dairy and Egg Products"
2020-07-04,18:35,Dinner,"Butter, salted, organic","42.00 g",301.14,0.00,0.01,0.02,0.05,0.00,0.07,7.90,1.26,281.82,956.64,,0.97,2.94,10.08,,0.01,0.84,,10.08,10.08,0.42,0.04,0.03,,,,0.03,0.03,34.07,90.30,1.28,21.57,0.27,0.45,0.01,0.01,0.03,0.00,0.07,0.01,0.01,,0.02,0.03,0.03,0.01,0.02,0.03,0.36,0.02,0.02,0.01,0.02,0.02,"Dairy and Egg Products"
2020-07-04,18:58,Dinner,"Oatmeal, Regular or Quick, Dry","99.00 g",375.21,0.46,0.15,1.11,1.11,0.10,0.00,40.00,31.68,0.00,0.00,0.00,0.42,1.98,51.48,0.39,4.21,136.62,3.59,405.90,358.38,28.61,3.60,67.02,10.00,0.00,57.34,0.98,57.02,6.45,0.00,2.28,1.10,0.10,2.18,0.56,0.84,1.20,0.45,2.80,0.64,0.27,,0.50,0.97,0.63,0.20,0.66,0.45,13.02,0.70,0.38,0.18,0.39,0.68,"Breakfast Cereals"
2020-07-04,18:59,Dinner,"Milk, Whole, 3.25% Milkfat, without Added Vitamin A and Vitamin D","632.00 g",385.52,0.29,1.07,0.56,2.36,0.23,2.84,90.38,31.60,284.40,1023.84,,0.44,1.90,714.16,0.16,0.19,63.20,0.03,530.88,834.24,23.38,2.34,30.21,,,,31.92,30.21,20.67,63.20,1.23,11.79,0.47,0.76,0.68,0.57,1.71,0.12,4.47,0.39,0.60,,1.03,1.89,1.67,0.52,1.03,1.97,19.91,1.20,0.85,0.25,1.00,1.30,"Dairy and Egg Products"
2020-07-04,18:35,Dinner,"Raspberries, Fresh, Red","337.00 g",175.24,0.11,0.13,2.02,1.11,0.19,0.00,41.45,70.77,0.00,111.21,88.29,2.86,26.29,84.25,0.30,2.33,74.14,2.26,97.73,508.87,0.67,1.42,40.24,21.91,7.92,0.00,14.90,18.33,2.19,0.00,1.26,0.06,0.42,0.84,0.94,0.11,0.13,0.00,0.35,0.05,0.03,,0.02,0.03,0.04,0.02,0.01,0.49,4.04,0.47,0.13,0.02,0.07,0.07,"Fruits and Fruit Juices"
2020-07-04,22:40,Group6,"Whiskey","59.00 g",136.29,0.00,0.00,0.01,0.00,0.00,0.00,0.00,0.00,0.00,0.00,0.00,0.00,0.00,0.00,0.01,0.02,0.00,0.01,2.36,1.18,0.00,0.02,0.00,0.00,0.00,0.00,0.00,0.00,0.00,0.00,0.00,0.00,0.00,0.00,0.00,0.00,0.00,0.00,0.00,0.00,0.00,,0.00,0.00,0.00,0.00,0.00,0.00,0.00,0.00,0.00,0.00,0.00,0.00,"Beverages"
2020-07-05,05:17,Drinks,"Jasmine Tea","600.00 g",6.00,0.04,0.35,0.18,0.07,0.03,0.00,0.00,0.00,0.00,0.00,1.80,0.00,0.00,0.00,0.02,0.12,6.00,1.10,0.00,48.00,0.00,0.06,0.00,0.00,0.00,0.00,0.00,0.00,0.00,0.00,0.00,0.00,0.00,0.00,0.00,0.00,0.00,0.00,0.00,0.00,0.00,,0.00,0.00,0.00,0.00,0.00,0.00,1.32,0.00,0.00,0.00,0.00,0.00,"Beverages"
2020-07-05,,Lunch,"Fat, mutton tallow","6.00 g",54.12,,,,,,,4.79,,,,,0.17,,,,,,,,,0.01,,,,,,,,6.00,6.12,0.47,2.84,0.14,0.33,,,,,,,,,,,,,,,,,,,,,"Fats and Oils"
2020-07-05,,Lunch,"Salmon, Atlantic, Farmed, Raw","212.00 g",440.96,0.44,0.33,18.38,3.28,1.35,6.85,166.42,55.12,31.80,106.00,8.27,7.53,1.06,19.08,0.10,0.72,57.24,0.02,508.80,769.56,50.88,0.76,0.00,0.00,0.00,0.00,0.00,0.00,28.45,116.60,8.24,6.47,,,2.69,2.59,4.29,0.46,6.00,2.04,1.16,0.08,2.05,3.42,3.96,1.33,1.79,1.53,43.29,1.90,1.82,0.44,1.61,2.35,"Finfish and Shellfish Products"
2020-07-05,13:36,Lunch,"Lentils, Raw","47.00 g",165.44,0.41,0.10,1.22,1.01,0.25,,45.31,225.13,,18.33,2.11,0.23,2.35,16.45,0.35,3.06,22.09,0.65,132.07,318.19,0.05,1.54,29.77,5.03,0.13,23.45,0.95,24.75,0.50,,0.25,0.07,0.05,0.19,0.48,0.89,1.28,0.15,1.79,0.47,0.33,,0.50,0.84,0.81,0.10,0.57,0.48,11.58,0.53,0.41,0.10,0.31,0.57,"Legumes and Legume Products"
2020-07-05,06:56,Lunch,"Rice, Brown, Long-Grain, Raw","40.00 g",146.80,0.22,0.04,2.60,0.43,0.19,,8.60,9.20,,,,0.24,0.24,3.60,0.12,0.52,46.40,1.14,124.40,100.00,6.84,0.85,30.50,1.44,,29.00,0.26,29.06,1.28,,0.40,0.24,0.01,0.39,0.19,0.24,0.30,0.04,0.65,0.16,0.08,,0.13,0.26,0.12,0.07,0.16,0.15,3.02,0.16,0.12,0.04,0.12,0.19,"Cereal Grains and Pasta"
2020-07-05,,Lunch,"Soup, Stock, Chicken, Home-Prepared","222.00 g",79.92,0.08,0.19,3.52,,0.14,,20.42,11.10,2.22,6.66,0.44,0.07,0.44,6.66,0.12,0.47,8.88,,59.94,233.10,4.88,0.31,7.84,,,,3.51,7.84,2.66,6.66,0.47,0.71,0.02,0.45,,,,,,,,,,,,,,,5.59,,,,,,"Soups, Sauces, and Gravies"
2020-07-05,,Lunch,"Mushrooms, Raw","85.00 g",18.70,0.07,0.34,3.07,1.27,0.09,0.03,14.71,14.45,0.00,0.00,1.79,0.01,0.00,2.55,0.27,0.43,7.65,0.04,73.10,270.30,7.91,0.44,2.77,0.85,0.14,0.50,1.68,1.92,0.29,0.00,0.14,0.04,0.00,0.14,0.17,0.07,0.17,0.01,0.29,0.08,0.05,,0.06,0.10,0.09,0.03,0.07,0.06,2.63,0.08,0.09,0.03,0.04,0.20,"Vegetables and Vegetable Products"
2020-07-05,,Lunch,"Tomato Raw, Includes Cherry, Grape, Roma","71.00 g",12.78,0.03,0.01,0.42,0.06,0.06,0.00,4.76,10.65,0.00,591.43,9.73,0.38,5.61,7.10,0.04,0.19,7.81,0.08,17.04,168.27,0.00,0.12,2.76,0.85,0.97,0.00,1.87,1.91,0.14,0.00,0.06,0.02,0.00,0.06,0.02,0.01,0.10,0.01,0.31,0.01,0.01,,0.01,0.02,0.02,0.00,0.02,0.01,0.62,0.02,0.02,0.00,0.01,0.01,"Vegetables and Vegetable Products"
2020-07-05,,Lunch,"Collards, Raw","53.00 g",16.96,0.03,0.07,0.39,0.14,0.09,0.00,12.30,68.37,0.00,2660.07,18.71,1.20,231.66,122.96,0.02,0.25,14.31,0.35,13.25,112.89,0.69,0.11,2.87,2.12,0.11,0.51,0.24,0.75,0.32,0.00,0.11,0.03,0.06,0.04,0.06,0.07,0.10,0.01,0.11,0.05,0.02,,0.05,0.08,0.06,0.02,0.05,0.06,1.60,0.04,0.05,0.02,0.03,0.06,"Vegetables and Vegetable Products"
2020-07-05,,Lunch,"Garlic, Fresh","5.00 g",7.45,0.01,0.01,0.03,0.03,0.06,0.00,1.16,0.15,0.00,0.45,1.56,0.00,0.09,9.05,0.01,0.09,1.25,0.08,7.65,20.05,0.71,0.06,1.65,0.11,0.02,1.26,0.05,1.55,0.03,0.00,0.01,0.00,0.00,0.01,0.01,0.03,0.02,0.00,0.04,0.01,0.01,,0.01,0.02,0.01,0.00,0.01,0.01,0.32,0.01,0.01,0.00,0.00,0.01,"Vegetables and Vegetable Products"
2020-07-05,,Lunch,"Salt","8.00 g",0.00,0.00,0.00,0.00,0.00,0.00,0.00,0.00,0.00,0.00,0.00,0.00,0.00,0.00,1.92,0.00,0.03,0.08,0.01,0.00,0.64,0.01,0.01,0.00,0.00,0.00,0.00,0.00,0.00,0.00,0.00,0.00,0.00,0.00,0.00,0.00,0.00,0.00,0.00,0.00,0.00,0.00,,0.00,0.00,0.00,0.00,0.00,0.00,0.00,0.00,0.00,0.00,0.00,0.00,"Spices and Herbs"
2020-07-05,,Lunch,"Black Pepper, Ground","0.20 g",0.50,0.00,0.00,0.00,0.00,0.00,0.00,0.02,0.03,0.00,1.09,0.00,0.00,0.33,0.89,0.00,0.02,0.34,0.03,0.32,2.66,0.01,0.00,0.13,0.05,0.00,0.08,0.00,0.08,0.01,0.00,0.00,0.00,0.00,0.00,0.00,0.00,0.00,0.00,0.00,0.00,0.00,,0.00,0.00,0.00,0.00,0.00,0.00,0.02,0.00,0.00,0.00,0.00,0.00,"Spices and Herbs"
2020-07-05,,Lunch,"Sainsbury's Organic Mixed Herbs","0.20 g",0.57,0.00,0.00,0.01,0.00,0.00,,0.09,0.52,,9.34,0.08,0.02,2.40,3.48,0.00,0.13,0.64,0.01,0.40,2.50,0.01,0.01,0.13,0.08,0.00,0.04,0.01,0.05,0.02,,0.00,0.01,0.00,0.00,0.00,0.00,0.00,0.00,0.00,0.00,0.00,,0.00,0.00,0.00,0.00,0.00,0.00,0.02,0.00,0.00,0.00,0.00,0.00,"Spices and Herbs"
2020-07-05,,Lunch,"Curry Powder","2.00 g",6.50,0.00,0.00,0.07,0.02,0.00,0.00,1.28,1.12,0.00,0.38,0.01,0.50,2.00,10.50,0.02,0.38,5.10,0.17,7.34,23.40,0.81,0.09,1.12,1.06,0.02,0.00,0.06,0.05,0.28,0.00,0.06,0.03,0.01,0.06,0.01,0.02,0.04,0.00,0.05,0.02,0.01,,0.01,0.02,0.01,0.00,0.01,0.02,0.29,0.01,0.01,0.00,0.01,0.02,"Spices and Herbs"
2020-07-05,,Lunch,"Lemon Juice, Fresh","10.00 g",2.20,0.00,0.00,0.01,0.01,0.00,0.00,0.51,2.00,0.00,0.60,3.87,0.02,0.00,0.60,0.00,0.01,0.60,0.00,0.80,10.30,0.01,0.01,0.69,0.03,0.11,0.00,0.25,0.66,0.02,0.00,0.00,0.00,0.00,0.00,0.00,0.00,0.00,0.00,0.00,0.00,0.00,,0.00,0.00,0.00,0.00,0.00,0.00,0.03,0.00,0.00,0.00,0.00,0.00,"Fruits and Fruit Juices"
2020-07-05,,Lunch,"Egg shell, dried, ground","1.00 g",0.00,,,,,,,,,,,,,,400.00,,,4.50,,0.99,0.00,,0.00,0.00,0.00,0.00,0.00,0.00,0.00,0.00,,,,,,,,,,,,,,,,,,,,0.00,,,,,,"Dairy and Egg Products"
2020-07-05,,Lunch,"Arugula, Raw","43.00 g",10.75,0.02,0.04,0.13,0.19,0.03,0.00,6.58,41.71,0.00,1020.39,6.45,0.18,46.70,68.80,0.03,0.63,20.21,0.14,22.36,158.67,0.13,0.20,1.57,0.69,0.44,0.00,0.88,0.88,0.28,0.00,0.14,0.04,0.07,0.06,,,,,,,,,,,,,,,1.11,,,,,,"Vegetables and Vegetable Products"
2020-07-05,,Lunch,"Watercress, Raw","0.00 g",0.00,0.00,0.00,0.00,0.00,0.00,0.00,0.00,0.00,0.00,0.00,0.00,0.00,0.00,0.00,0.00,0.00,0.00,0.00,0.00,0.00,0.00,0.00,0.00,0.00,0.00,0.00,0.00,0.00,0.00,0.00,0.00,0.00,0.00,0.00,0.00,0.00,0.00,0.00,0.00,0.00,0.00,,0.00,0.00,0.00,0.00,0.00,0.00,0.00,0.00,0.00,0.00,0.00,0.00,"Vegetables and Vegetable Products"
2020-07-05,,Lunch,"Blackberries, Fresh","224.00 g",96.32,0.04,0.06,1.45,0.62,0.07,0.00,19.04,56.00,0.00,479.36,47.04,3.20,44.35,64.96,0.37,1.39,44.80,1.45,49.28,362.88,0.90,1.19,21.53,11.87,5.38,0.00,10.93,9.65,1.10,0.00,0.63,0.03,0.21,0.42,0.18,0.00,0.13,0.00,0.04,0.00,0.00,,0.00,0.00,0.00,0.00,0.00,0.02,3.11,0.04,0.02,0.00,0.00,0.02,"Fruits and Fruit Juices"
2020-07-05,20:28,Dinner,"Butter, salted, organic","17.00 g",121.89,0.00,0.01,0.01,0.02,0.00,0.03,3.20,0.51,114.07,387.21,,0.39,1.19,4.08,,0.00,0.34,,4.08,4.08,0.17,0.02,0.01,,,,0.01,0.01,13.79,36.55,0.52,8.73,0.11,0.18,0.00,0.01,0.01,0.00,0.03,0.00,0.00,,0.01,0.01,0.01,0.00,0.01,0.01,0.14,0.01,0.01,0.00,0.01,0.01,"Dairy and Egg Products"
2020-07-05,,Dinner,"Onion, White, Yellow or Red, Raw","49.00 g",19.60,0.02,0.01,0.06,0.06,0.06,0.00,2.99,9.31,0.00,0.98,3.63,0.01,0.20,11.27,0.02,0.10,4.90,0.06,14.21,71.54,0.25,0.08,4.58,0.72,0.63,0.00,2.08,3.86,0.05,0.00,0.01,0.02,0.00,0.01,0.01,0.05,0.04,0.00,0.13,0.01,0.01,,0.01,0.01,0.02,0.00,0.01,0.01,0.54,0.01,0.01,0.01,0.01,0.01,"Vegetables and Vegetable Products"
2020-07-05,13:18,Dinner,"Potatoes, White, Flesh and Skin, Raw","145.00 g",100.05,0.10,0.05,1.55,0.41,0.29,,15.95,26.10,,11.60,13.20,0.01,2.32,13.05,0.17,0.75,30.45,0.21,89.90,590.15,0.44,0.42,22.78,3.48,0.49,19.56,1.67,19.30,0.15,,0.06,0.04,0.01,0.05,0.07,0.12,0.57,0.03,0.41,0.07,0.04,,0.08,0.12,0.13,0.04,0.10,0.07,2.44,0.09,0.08,0.02,0.06,0.12,"Vegetables and Vegetable Products"
2020-07-05,11:43,Dinner,"Lamb Roast, Leg, No Visible Fat Eaten","109.00 g",222.36,0.13,0.34,6.83,0.76,0.19,2.81,109.65,22.89,0.00,0.00,0.00,0.19,5.01,8.72,0.13,2.40,27.25,0.03,221.27,362.97,33.57,5.29,0.00,0.00,0.00,0.00,0.00,0.00,10.00,100.28,0.65,3.58,0.04,0.60,1.86,1.84,2.72,0.37,4.48,1.51,0.98,,1.49,2.40,2.73,0.79,1.26,1.30,30.90,1.15,1.32,0.36,1.04,1.67,"Lamb, Veal, and Game Products"
2020-07-05,13:16,Dinner,"Cabbage, Red, Raw","206.00 g",63.86,0.13,0.14,0.86,0.30,0.43,0.00,35.23,37.08,0.00,2298.96,117.42,0.14,78.69,92.70,0.04,1.65,32.96,0.50,61.80,500.58,1.24,0.45,15.18,4.33,3.05,0.00,7.89,10.86,0.33,0.00,0.16,0.04,0.09,0.07,0.10,0.17,0.28,0.02,0.68,0.07,0.05,,0.07,0.09,0.10,0.03,0.07,0.11,2.95,0.12,0.08,0.02,0.05,0.10,"Vegetables and Vegetable Products"
2020-07-05,11:43,Dinner,"Cucumber, Raw, With Peel","204.00 g",30.60,0.06,0.07,0.20,0.53,0.08,0.00,12.24,14.28,0.00,214.20,5.71,0.06,33.46,32.64,0.08,0.57,26.52,0.16,48.96,299.88,0.61,0.41,7.41,2.33,1.77,1.69,3.41,5.08,0.22,0.00,0.07,0.08,0.01,0.06,0.05,0.09,0.08,0.01,0.40,0.05,0.02,,0.04,0.06,0.06,0.01,0.04,0.03,1.33,0.04,0.04,0.01,0.02,0.04,"Vegetables and Vegetable Products"
2020-07-05,,Dinner,"Egg, whole, raw, fresh, organic free range woodland","117.00 g",167.31,0.05,0.53,0.09,1.79,0.20,1.04,343.75,54.99,187.20,623.38,,1.23,0.35,65.52,0.08,2.05,14.04,0.03,231.66,161.46,35.92,1.51,0.84,,,,0.43,0.84,11.13,435.24,2.24,3.66,0.24,0.92,0.86,0.96,1.55,0.32,1.96,0.51,0.36,,0.79,1.27,1.07,0.44,0.80,0.60,14.70,1.14,0.65,0.20,0.58,1.00,"Dairy and Egg Products"
2020-07-05,21:10,Dinner,"Dijon Mustard","12.00 g",12.23,0.01,0.01,0.15,0.00,0.01,0.00,2.15,2.72,0.00,107.07,0.71,0.15,0.66,7.33,0.01,0.31,5.42,0.23,13.56,23.71,3.09,0.12,0.76,0.39,0.03,0.19,0.12,0.37,0.69,0.00,0.15,0.05,0.06,0.08,0.02,0.03,0.04,0.01,0.10,0.03,0.02,,0.02,0.04,0.03,0.01,0.02,0.04,0.53,0.02,0.02,0.01,0.02,0.03,"Spices and Herbs"
2020-07-05,14:18,Dinner,"Raspberries, Fresh, Red","160.00 g",83.20,0.05,0.06,0.96,0.53,0.09,0.00,19.68,33.60,0.00,52.80,41.92,1.36,12.48,40.00,0.14,1.10,35.20,1.07,46.40,241.60,0.32,0.67,19.10,10.40,3.76,0.00,7.07,8.70,1.04,0.00,0.60,0.03,0.20,0.40,0.45,0.05,0.06,0.00,0.17,0.03,0.02,,0.01,0.01,0.02,0.01,0.00,0.23,1.92,0.22,0.06,0.01,0.04,0.04,"Fruits and Fruit Juices"
2020-07-06,05:17,Drinks,"Jasmine Tea","600.00 g",6.00,0.04,0.35,0.18,0.07,0.03,0.00,0.00,0.00,0.00,0.00,1.80,0.00,0.00,0.00,0.02,0.12,6.00,1.10,0.00,48.00,0.00,0.06,0.00,0.00,0.00,0.00,0.00,0.00,0.00,0.00,0.00,0.00,0.00,0.00,0.00,0.00,0.00,0.00,0.00,0.00,0.00,,0.00,0.00,0.00,0.00,0.00,0.00,1.32,0.00,0.00,0.00,0.00,0.00,"Beverages"
2020-07-06,,Lunch,"Fat, mutton tallow","6.00 g",54.12,,,,,,,4.79,,,,,0.17,,,,,,,,,0.01,,,,,,,,6.00,6.12,0.47,2.84,0.14,0.33,,,,,,,,,,,,,,,,,,,,,"Fats and Oils"
2020-07-06,,Lunch,"Salmon, Atlantic, Farmed, Raw","227.00 g",472.16,0.47,0.35,19.69,3.51,1.44,7.33,178.20,59.02,34.05,113.50,8.85,8.06,1.14,20.43,0.10,0.77,61.29,0.02,544.80,824.01,54.48,0.82,0.00,0.00,0.00,0.00,0.00,0.00,30.46,124.85,8.82,6.92,,,2.89,2.77,4.60,0.50,6.42,2.18,1.25,0.09,2.20,3.67,4.24,1.42,1.92,1.64,46.35,2.03,1.95,0.47,1.72,2.51,"Finfish and Shellfish Products"
2020-07-06,16:03,Lunch,"Cowpeas, common (blackeyes, crowder, southern), mature seeds, raw","59.00 g",198.24,0.50,0.13,1.22,0.88,0.21,,55.87,373.47,,29.50,0.89,0.23,2.95,64.90,0.50,4.88,108.56,0.90,250.16,656.08,5.31,1.99,35.42,6.25,,25.09,4.07,29.16,0.74,,0.32,0.20,0.12,0.20,0.63,0.96,1.68,0.15,2.63,0.57,0.43,,0.56,1.06,0.94,0.20,0.81,0.62,13.88,0.70,0.53,0.17,0.45,0.66,"Legumes and Legume Products"
2020-07-06,,Lunch,"Soup, Stock, Chicken, Home-Prepared","229.00 g",82.44,0.08,0.19,3.63,,0.14,,21.07,11.45,2.29,6.87,0.46,0.07,0.46,6.87,0.12,0.48,9.16,,61.83,240.45,5.04,0.32,8.08,,,,3.62,8.08,2.75,6.87,0.49,0.74,0.02,0.47,,,,,,,,,,,,,,,5.77,,,,,,"Soups, Sauces, and Gravies"
2020-07-06,,Lunch,"Mushrooms, Raw","83.00 g",18.26,0.07,0.33,2.99,1.24,0.09,0.03,14.36,14.11,0.00,0.00,1.74,0.01,0.00,2.49,0.26,0.42,7.47,0.04,71.38,263.94,7.72,0.43,2.71,0.83,0.14,0.49,1.64,1.88,0.28,0.00,0.13,0.04,0.00,0.13,0.17,0.06,0.16,0.01,0.28,0.08,0.05,,0.06,0.10,0.09,0.03,0.07,0.06,2.56,0.08,0.09,0.03,0.04,0.19,"Vegetables and Vegetable Products"
2020-07-06,,Lunch,"Tomato Raw, Includes Cherry, Grape, Roma","84.00 g",15.12,0.03,0.02,0.50,0.07,0.07,0.00,5.63,12.60,0.00,699.72,11.51,0.45,6.64,8.40,0.05,0.23,9.24,0.10,20.16,199.08,0.00,0.14,3.27,1.01,1.15,0.00,2.21,2.26,0.17,0.00,0.07,0.02,0.00,0.07,0.02,0.02,0.11,0.01,0.36,0.02,0.01,,0.02,0.02,0.02,0.01,0.02,0.01,0.74,0.02,0.02,0.01,0.01,0.02,"Vegetables and Vegetable Products"
2020-07-06,,Lunch,"Collards, Raw","72.00 g",23.04,0.04,0.09,0.53,0.19,0.12,0.00,16.70,92.88,0.00,3613.68,25.42,1.63,314.71,167.04,0.03,0.34,19.44,0.47,18.00,153.36,0.94,0.15,3.90,2.88,0.15,0.69,0.33,1.02,0.44,0.00,0.14,0.04,0.08,0.06,0.08,0.09,0.13,0.02,0.15,0.07,0.03,,0.07,0.11,0.08,0.02,0.06,0.08,2.17,0.06,0.06,0.02,0.05,0.09,"Vegetables and Vegetable Products"
2020-07-06,,Lunch,"Garlic, Fresh","5.00 g",7.45,0.01,0.01,0.03,0.03,0.06,0.00,1.16,0.15,0.00,0.45,1.56,0.00,0.09,9.05,0.01,0.09,1.25,0.08,7.65,20.05,0.71,0.06,1.65,0.11,0.02,1.26,0.05,1.55,0.03,0.00,0.01,0.00,0.00,0.01,0.01,0.03,0.02,0.00,0.04,0.01,0.01,,0.01,0.02,0.01,0.00,0.01,0.01,0.32,0.01,0.01,0.00,0.00,0.01,"Vegetables and Vegetable Products"
2020-07-06,,Lunch,"Salt","8.00 g",0.00,0.00,0.00,0.00,0.00,0.00,0.00,0.00,0.00,0.00,0.00,0.00,0.00,0.00,1.92,0.00,0.03,0.08,0.01,0.00,0.64,0.01,0.01,0.00,0.00,0.00,0.00,0.00,0.00,0.00,0.00,0.00,0.00,0.00,0.00,0.00,0.00,0.00,0.00,0.00,0.00,0.00,,0.00,0.00,0.00,0.00,0.00,0.00,0.00,0.00,0.00,0.00,0.00,0.00,"Spices and Herbs"
2020-07-06,,Lunch,"Black Pepper, Ground","0.20 g",0.50,0.00,0.00,0.00,0.00,0.00,0.00,0.02,0.03,0.00,1.09,0.00,0.00,0.33,0.89,0.00,0.02,0.34,0.03,0.32,2.66,0.01,0.00,0.13,0.05,0.00,0.08,0.00,0.08,0.01,0.00,0.00,0.00,0.00,0.00,0.00,0.00,0.00,0.00,0.00,0.00,0.00,,0.00,0.00,0.00,0.00,0.00,0.00,0.02,0.00,0.00,0.00,0.00,0.00,"Spices and Herbs"
2020-07-06,,Lunch,"Sainsbury's Organic Mixed Herbs","0.20 g",0.57,0.00,0.00,0.01,0.00,0.00,,0.09,0.52,,9.34,0.08,0.02,2.40,3.48,0.00,0.13,0.64,0.01,0.40,2.50,0.01,0.01,0.13,0.08,0.00,0.04,0.01,0.05,0.02,,0.00,0.01,0.00,0.00,0.00,0.00,0.00,0.00,0.00,0.00,0.00,,0.00,0.00,0.00,0.00,0.00,0.00,0.02,0.00,0.00,0.00,0.00,0.00,"Spices and Herbs"
2020-07-06,,Lunch,"Curry Powder","2.00 g",6.50,0.00,0.00,0.07,0.02,0.00,0.00,1.28,1.12,0.00,0.38,0.01,0.50,2.00,10.50,0.02,0.38,5.10,0.17,7.34,23.40,0.81,0.09,1.12,1.06,0.02,0.00,0.06,0.05,0.28,0.00,0.06,0.03,0.01,0.06,0.01,0.02,0.04,0.00,0.05,0.02,0.01,,0.01,0.02,0.01,0.00,0.01,0.02,0.29,0.01,0.01,0.00,0.01,0.02,"Spices and Herbs"
2020-07-06,,Lunch,"Lemon Juice, Fresh","10.00 g",2.20,0.00,0.00,0.01,0.01,0.00,0.00,0.51,2.00,0.00,0.60,3.87,0.02,0.00,0.60,0.00,0.01,0.60,0.00,0.80,10.30,0.01,0.01,0.69,0.03,0.11,0.00,0.25,0.66,0.02,0.00,0.00,0.00,0.00,0.00,0.00,0.00,0.00,0.00,0.00,0.00,0.00,,0.00,0.00,0.00,0.00,0.00,0.00,0.03,0.00,0.00,0.00,0.00,0.00,"Fruits and Fruit Juices"
2020-07-06,,Lunch,"Egg shell, dried, ground","1.00 g",0.00,,,,,,,,,,,,,,400.00,,,4.50,,0.99,0.00,,0.00,0.00,0.00,0.00,0.00,0.00,0.00,0.00,,,,,,,,,,,,,,,,,,,,0.00,,,,,,"Dairy and Egg Products"
2020-07-06,,Lunch,"Arugula, Raw","31.00 g",7.75,0.01,0.03,0.09,0.14,0.02,0.00,4.74,30.07,0.00,735.63,4.65,0.13,33.67,49.60,0.02,0.45,14.57,0.10,16.12,114.39,0.09,0.15,1.13,0.50,0.32,0.00,0.64,0.64,0.20,0.00,0.10,0.03,0.05,0.04,,,,,,,,,,,,,,,0.80,,,,,,"Vegetables and Vegetable Products"
2020-07-06,,Lunch,"Watercress, Raw","0.00 g",0.00,0.00,0.00,0.00,0.00,0.00,0.00,0.00,0.00,0.00,0.00,0.00,0.00,0.00,0.00,0.00,0.00,0.00,0.00,0.00,0.00,0.00,0.00,0.00,0.00,0.00,0.00,0.00,0.00,0.00,0.00,0.00,0.00,0.00,0.00,0.00,0.00,0.00,0.00,0.00,0.00,0.00,,0.00,0.00,0.00,0.00,0.00,0.00,0.00,0.00,0.00,0.00,0.00,0.00,"Vegetables and Vegetable Products"
2020-07-06,,Lunch,"Egg, whole, raw, fresh, organic free range woodland","114.00 g",163.02,0.05,0.52,0.09,1.75,0.19,1.01,334.93,53.58,182.40,607.39,,1.20,0.34,63.84,0.08,2.00,13.68,0.03,225.72,157.32,35.00,1.47,0.82,,,,0.42,0.82,10.84,424.08,2.18,3.56,0.23,0.90,0.84,0.93,1.52,0.31,1.91,0.49,0.35,,0.76,1.24,1.04,0.43,0.78,0.58,14.32,1.11,0.63,0.19,0.57,0.98,"Dairy and Egg Products"
2020-07-06,14:18,Lunch,"Raspberries, Fresh, Red","174.00 g",90.48,0.06,0.07,1.04,0.57,0.10,0.00,21.40,36.54,0.00,57.42,45.59,1.48,13.57,43.50,0.16,1.20,38.28,1.17,50.46,262.74,0.35,0.73,20.78,11.31,4.09,0.00,7.69,9.47,1.13,0.00,0.65,0.03,0.22,0.43,0.49,0.06,0.07,0.00,0.18,0.03,0.02,,0.01,0.01,0.02,0.01,0.01,0.25,2.09,0.24,0.07,0.01,0.04,0.04,"Fruits and Fruit Juices"
2020-07-06,12:36,Dinner,"Chicken, broilers or fryers, skin only, cooked, roasted","37.00 g",167.98,0.01,0.05,2.06,0.26,0.04,0.07,16.91,0.74,28.86,96.20,,0.15,0.89,5.18,0.02,0.56,5.55,0.01,46.25,50.32,7.40,0.46,,,,,,,15.05,30.71,3.17,4.23,0.15,2.90,0.61,0.58,0.67,0.13,0.94,1.20,0.14,,0.24,0.44,0.45,0.15,0.25,0.70,7.53,0.31,0.27,0.06,0.17,0.32,"Poultry Products"
2020-07-06,19:26,Dinner,"Lamb Chops, Loin, No Visible Fat Eaten","7.00 g",14.28,0.01,0.02,0.44,0.05,0.01,0.18,7.04,1.47,0.00,0.00,0.00,0.01,0.32,0.56,0.01,0.15,1.75,0.00,14.21,23.31,2.16,0.34,0.00,0.00,0.00,0.00,0.00,0.00,0.64,6.44,0.04,0.23,0.00,0.04,0.12,0.12,0.17,0.02,0.29,0.10,0.06,,0.10,0.15,0.18,0.05,0.08,0.08,1.98,0.07,0.08,0.02,0.07,0.11,"Lamb, Veal, and Game Products"
2020-07-06,12:37,Dinner,"Pork Cracklings","65.00 g",304.20,0.36,0.15,6.80,0.72,0.35,0.71,58.18,0.00,7.15,24.05,0.00,0.27,0.00,7.15,0.07,0.62,20.15,0.01,252.20,324.35,32.96,1.99,1.11,0.00,0.00,0.00,0.59,1.11,22.81,64.35,3.97,7.78,0.17,3.57,1.27,1.43,2.08,0.25,3.39,1.00,0.90,,1.05,1.83,1.98,0.61,0.92,0.90,22.05,0.93,0.98,0.26,0.88,1.12,"Pork Products"
2020-07-06,22:18,Dinner,"Popcorn, Home Popped, Hot Air Popped","30.00 g",116.10,0.03,0.02,0.69,0.15,0.05,0.00,6.36,9.30,0.00,58.80,0.00,0.09,0.36,2.10,0.08,0.96,43.20,0.33,107.40,98.70,0.00,0.92,23.33,4.35,0.02,16.32,0.26,18.98,1.36,0.00,0.70,0.19,0.02,0.68,0.27,0.18,0.25,0.07,0.68,0.15,0.11,,0.13,0.44,0.10,0.08,0.18,0.31,3.88,0.17,0.14,0.03,0.15,0.18,"Snacks"
2020-07-07,05:17,Drinks,"Jasmine Tea","600.00 g",6.00,0.04,0.35,0.18,0.07,0.03,0.00,0.00,0.00,0.00,0.00,1.80,0.00,0.00,0.00,0.02,0.12,6.00,1.10,0.00,48.00,0.00,0.06,0.00,0.00,0.00,0.00,0.00,0.00,0.00,0.00,0.00,0.00,0.00,0.00,0.00,0.00,0.00,0.00,0.00,0.00,0.00,,0.00,0.00,0.00,0.00,0.00,0.00,1.32,0.00,0.00,0.00,0.00,0.00,"Beverages"
2020-07-07,,Lunch,"Fat, mutton tallow","7.00 g",63.14,,,,,,,5.59,,,,,0.20,,,,,,,,,0.01,,,,,,,,7.00,7.14,0.55,3.31,0.16,0.39,,,,,,,,,,,,,,,,,,,,,"Fats and Oils"
2020-07-07,,Lunch,"Salmon, Atlantic, Farmed, Raw","242.00 g",503.36,0.50,0.38,20.99,3.74,1.54,7.82,189.97,62.92,36.30,121.00,9.44,8.59,1.21,21.78,0.11,0.82,65.34,0.03,580.80,878.46,58.08,0.87,0.00,0.00,0.00,0.00,0.00,0.00,32.48,133.10,9.40,7.38,,,3.08,2.95,4.90,0.53,6.85,2.32,1.33,0.10,2.34,3.91,4.53,1.51,2.04,1.74,49.42,2.17,2.08,0.51,1.84,2.68,"Finfish and Shellfish Products"
2020-07-07,12:38,Lunch,"Peas, Green, Split, Mature Seeds, Raw","49.00 g",178.36,0.35,0.12,1.77,0.47,0.07,,76.88,7.35,,73.01,0.88,0.06,7.79,22.54,0.40,2.32,30.87,0.58,163.66,417.48,5.24,1.71,30.20,10.88,,17.78,1.54,19.32,1.91,,0.50,0.20,0.08,0.42,0.51,0.93,1.25,0.13,1.90,0.50,0.29,,0.48,0.82,0.87,0.10,0.56,0.51,11.33,0.52,0.40,0.08,0.25,0.51,"Legumes and Legume Products"
2020-07-07,,Lunch,"Soup, Stock, Chicken, Home-Prepared","323.00 g",116.28,0.11,0.27,5.12,,0.20,,29.72,16.15,3.23,9.69,0.65,0.10,0.65,9.69,0.17,0.68,12.92,,87.21,339.15,7.11,0.45,11.40,,,,5.10,11.40,3.88,9.69,0.69,1.04,0.03,0.66,,,,,,,,,,,,,,,8.14,,,,,,"Soups, Sauces, and Gravies"
2020-07-07,,Lunch,"Mushrooms, Raw","88.00 g",19.36,0.07,0.35,3.17,1.32,0.09,0.04,15.22,14.96,0.00,0.00,1.85,0.01,0.00,2.64,0.28,0.44,7.92,0.04,75.68,279.84,8.18,0.46,2.87,0.88,0.15,0.52,1.74,1.99,0.30,0.00,0.14,0.04,0.00,0.14,0.18,0.07,0.17,0.01,0.30,0.08,0.05,,0.07,0.11,0.09,0.03,0.07,0.07,2.72,0.08,0.09,0.03,0.04,0.20,"Vegetables and Vegetable Products"
2020-07-07,,Lunch,"Tomato Raw, Includes Cherry, Grape, Roma","89.00 g",16.02,0.03,0.02,0.53,0.08,0.07,0.00,5.96,13.35,0.00,741.37,12.19,0.48,7.03,8.90,0.05,0.24,9.79,0.10,21.36,210.93,0.00,0.15,3.46,1.07,1.22,0.00,2.34,2.39,0.18,0.00,0.07,0.02,0.00,0.07,0.02,0.02,0.12,0.01,0.38,0.02,0.01,,0.02,0.02,0.02,0.01,0.02,0.01,0.78,0.02,0.02,0.01,0.01,0.02,"Vegetables and Vegetable Products"
2020-07-07,,Lunch,"Collards, Raw","84.00 g",26.88,0.05,0.11,0.62,0.22,0.14,0.00,19.49,108.36,0.00,4215.96,29.65,1.90,367.16,194.88,0.04,0.39,22.68,0.55,21.00,178.92,1.09,0.18,4.55,3.36,0.18,0.81,0.39,1.19,0.51,0.00,0.17,0.05,0.09,0.07,0.09,0.11,0.16,0.02,0.17,0.08,0.04,,0.08,0.13,0.10,0.03,0.07,0.09,2.54,0.07,0.07,0.03,0.06,0.10,"Vegetables and Vegetable Products"
2020-07-07,,Lunch,"Garlic, Fresh","5.00 g",7.45,0.01,0.01,0.03,0.03,0.06,0.00,1.16,0.15,0.00,0.45,1.56,0.00,0.09,9.05,0.01,0.09,1.25,0.08,7.65,20.05,0.71,0.06,1.65,0.11,0.02,1.26,0.05,1.55,0.03,0.00,0.01,0.00,0.00,0.01,0.01,0.03,0.02,0.00,0.04,0.01,0.01,,0.01,0.02,0.01,0.00,0.01,0.01,0.32,0.01,0.01,0.00,0.00,0.01,"Vegetables and Vegetable Products"
2020-07-07,,Lunch,"Salt","8.00 g",0.00,0.00,0.00,0.00,0.00,0.00,0.00,0.00,0.00,0.00,0.00,0.00,0.00,0.00,1.92,0.00,0.03,0.08,0.01,0.00,0.64,0.01,0.01,0.00,0.00,0.00,0.00,0.00,0.00,0.00,0.00,0.00,0.00,0.00,0.00,0.00,0.00,0.00,0.00,0.00,0.00,0.00,,0.00,0.00,0.00,0.00,0.00,0.00,0.00,0.00,0.00,0.00,0.00,0.00,"Spices and Herbs"
2020-07-07,,Lunch,"Black Pepper, Ground","0.20 g",0.50,0.00,0.00,0.00,0.00,0.00,0.00,0.02,0.03,0.00,1.09,0.00,0.00,0.33,0.89,0.00,0.02,0.34,0.03,0.32,2.66,0.01,0.00,0.13,0.05,0.00,0.08,0.00,0.08,0.01,0.00,0.00,0.00,0.00,0.00,0.00,0.00,0.00,0.00,0.00,0.00,0.00,,0.00,0.00,0.00,0.00,0.00,0.00,0.02,0.00,0.00,0.00,0.00,0.00,"Spices and Herbs"
2020-07-07,,Lunch,"Sainsbury's Organic Mixed Herbs","0.20 g",0.57,0.00,0.00,0.01,0.00,0.00,,0.09,0.52,,9.34,0.08,0.02,2.40,3.48,0.00,0.13,0.64,0.01,0.40,2.50,0.01,0.01,0.13,0.08,0.00,0.04,0.01,0.05,0.02,,0.00,0.01,0.00,0.00,0.00,0.00,0.00,0.00,0.00,0.00,0.00,,0.00,0.00,0.00,0.00,0.00,0.00,0.02,0.00,0.00,0.00,0.00,0.00,"Spices and Herbs"
2020-07-07,,Lunch,"Curry Powder","2.00 g",6.50,0.00,0.00,0.07,0.02,0.00,0.00,1.28,1.12,0.00,0.38,0.01,0.50,2.00,10.50,0.02,0.38,5.10,0.17,7.34,23.40,0.81,0.09,1.12,1.06,0.02,0.00,0.06,0.05,0.28,0.00,0.06,0.03,0.01,0.06,0.01,0.02,0.04,0.00,0.05,0.02,0.01,,0.01,0.02,0.01,0.00,0.01,0.02,0.29,0.01,0.01,0.00,0.01,0.02,"Spices and Herbs"
2020-07-07,,Lunch,"Lemon Juice, Fresh","10.00 g",2.20,0.00,0.00,0.01,0.01,0.00,0.00,0.51,2.00,0.00,0.60,3.87,0.02,0.00,0.60,0.00,0.01,0.60,0.00,0.80,10.30,0.01,0.01,0.69,0.03,0.11,0.00,0.25,0.66,0.02,0.00,0.00,0.00,0.00,0.00,0.00,0.00,0.00,0.00,0.00,0.00,0.00,,0.00,0.00,0.00,0.00,0.00,0.00,0.03,0.00,0.00,0.00,0.00,0.00,"Fruits and Fruit Juices"
2020-07-07,,Lunch,"Egg shell, dried, ground","1.00 g",0.00,,,,,,,,,,,,,,400.00,,,4.50,,0.99,0.00,,0.00,0.00,0.00,0.00,0.00,0.00,0.00,0.00,,,,,,,,,,,,,,,,,,,,0.00,,,,,,"Dairy and Egg Products"
2020-07-07,,Lunch,"Arugula, Raw","30.00 g",7.50,0.01,0.03,0.09,0.13,0.02,0.00,4.59,29.10,0.00,711.90,4.50,0.13,32.58,48.00,0.02,0.44,14.10,0.10,15.60,110.70,0.09,0.14,1.10,0.48,0.31,0.00,0.61,0.61,0.20,0.00,0.10,0.03,0.05,0.04,,,,,,,,,,,,,,,0.77,,,,,,"Vegetables and Vegetable Products"
2020-07-07,,Lunch,"Watercress, Raw","30.00 g",3.30,0.03,0.04,0.06,0.09,0.04,0.00,2.70,2.70,0.00,957.30,12.90,0.30,75.00,36.00,0.02,0.06,6.30,0.07,18.00,99.00,0.27,0.03,0.39,0.15,0.01,0.03,0.06,0.24,0.03,0.00,0.01,0.01,0.01,0.00,0.04,0.05,0.06,0.00,0.06,0.03,0.01,,0.03,0.05,0.04,0.01,0.03,0.03,0.69,0.02,0.04,0.01,0.02,0.04,"Vegetables and Vegetable Products"
2020-07-07,10:16,Lunch,"Sweet Cherries, Fresh","471.00 g",296.73,0.13,0.16,0.73,0.94,0.23,0.00,28.73,18.84,0.00,301.44,32.97,0.28,9.89,61.23,0.28,1.70,51.81,0.33,98.91,1045.62,0.00,0.33,75.41,9.89,25.29,0.00,60.38,65.52,0.94,0.00,0.24,0.18,0.00,0.13,0.12,0.08,2.68,0.05,0.39,0.11,0.07,,0.09,0.14,0.15,0.05,0.11,0.18,4.99,0.14,0.10,0.04,0.07,0.11,"Fruits and Fruit Juices"
2020-07-07,20:28,Dinner,"Butter, salted, organic","30.00 g",215.10,0.00,0.01,0.01,0.03,0.00,0.05,5.64,0.90,201.30,683.32,,0.70,2.10,7.20,,0.01,0.60,,7.20,7.20,0.30,0.03,0.02,,,,0.02,0.02,24.33,64.50,0.91,15.41,0.19,0.32,0.01,0.01,0.02,0.00,0.05,0.01,0.01,,0.02,0.02,0.02,0.01,0.01,0.02,0.26,0.01,0.01,0.00,0.01,0.02,"Dairy and Egg Products"
2020-07-07,,Dinner,"Onion, White, Yellow or Red, Raw","64.00 g",25.60,0.03,0.02,0.07,0.08,0.08,0.00,3.90,12.16,0.00,1.28,4.74,0.01,0.26,14.72,0.02,0.13,6.40,0.08,18.56,93.44,0.32,0.11,5.98,0.93,0.83,0.00,2.71,5.04,0.06,0.00,0.01,0.03,0.00,0.01,0.01,0.07,0.06,0.00,0.17,0.02,0.01,,0.01,0.02,0.02,0.00,0.02,0.01,0.70,0.01,0.01,0.01,0.01,0.01,"Vegetables and Vegetable Products"
2020-07-07,13:18,Dinner,"Potatoes, White, Flesh and Skin, Raw","75.00 g",51.75,0.05,0.03,0.80,0.21,0.15,,8.25,13.50,,6.00,6.83,0.01,1.20,6.75,0.09,0.39,15.75,0.11,46.50,305.25,0.23,0.22,11.78,1.80,0.26,10.12,0.86,9.98,0.08,,0.03,0.02,0.01,0.02,0.04,0.06,0.29,0.02,0.21,0.03,0.02,,0.04,0.06,0.07,0.02,0.05,0.04,1.26,0.05,0.04,0.01,0.03,0.06,"Vegetables and Vegetable Products"
2020-07-07,20:14,Dinner,"Beets, Raw","175.00 g",75.25,0.05,0.07,0.58,0.27,0.12,0.00,10.50,190.75,0.00,57.75,8.58,0.07,0.35,28.00,0.13,1.40,40.25,0.58,70.00,568.75,1.22,0.61,16.73,4.90,0.35,0.84,11.83,11.83,0.30,0.00,0.11,0.05,0.01,0.10,0.11,0.07,0.20,0.03,0.75,0.05,0.04,,0.08,0.12,0.10,0.03,0.08,0.07,2.82,0.10,0.08,0.03,0.07,0.10,"Vegetables and Vegetable Products"
2020-07-07,,Dinner,"Garlic, Fresh","5.00 g",7.45,0.01,0.01,0.03,0.03,0.06,0.00,1.16,0.15,0.00,0.45,1.56,0.00,0.09,9.05,0.01,0.09,1.25,0.08,7.65,20.05,0.71,0.06,1.65,0.11,0.02,1.26,0.05,1.55,0.03,0.00,0.01,0.00,0.00,0.01,0.01,0.03,0.02,0.00,0.04,0.01,0.01,,0.01,0.02,0.01,0.00,0.01,0.01,0.32,0.01,0.01,0.00,0.00,0.01,"Vegetables and Vegetable Products"
2020-07-07,,Dinner,"Salt","8.00 g",0.00,0.00,0.00,0.00,0.00,0.00,0.00,0.00,0.00,0.00,0.00,0.00,0.00,0.00,1.92,0.00,0.03,0.08,0.01,0.00,0.64,0.01,0.01,0.00,0.00,0.00,0.00,0.00,0.00,0.00,0.00,0.00,0.00,0.00,0.00,0.00,0.00,0.00,0.00,0.00,0.00,0.00,,0.00,0.00,0.00,0.00,0.00,0.00,0.00,0.00,0.00,0.00,0.00,0.00,"Spices and Herbs"
2020-07-07,,Dinner,"Black Pepper, Ground","0.20 g",0.50,0.00,0.00,0.00,0.00,0.00,0.00,0.02,0.03,0.00,1.09,0.00,0.00,0.33,0.89,0.00,0.02,0.34,0.03,0.32,2.66,0.01,0.00,0.13,0.05,0.00,0.08,0.00,0.08,0.01,0.00,0.00,0.00,0.00,0.00,0.00,0.00,0.00,0.00,0.00,0.00,0.00,,0.00,0.00,0.00,0.00,0.00,0.00,0.02,0.00,0.00,0.00,0.00,0.00,"Spices and Herbs"
2020-07-07,,Dinner,"Curry Powder","2.00 g",6.50,0.00,0.00,0.07,0.02,0.00,0.00,1.28,1.12,0.00,0.38,0.01,0.50,2.00,10.50,0.02,0.38,5.10,0.17,7.34,23.40,0.81,0.09,1.12,1.06,0.02,0.00,0.06,0.05,0.28,0.00,0.06,0.03,0.01,0.06,0.01,0.02,0.04,0.00,0.05,0.02,0.01,,0.01,0.02,0.01,0.00,0.01,0.02,0.29,0.01,0.01,0.00,0.01,0.02,"Spices and Herbs"
2020-07-07,20:19,Dinner,"Chicken, roasting, light meat, meat only, cooked, roasted","101.00 g",154.53,0.06,0.09,10.57,0.92,0.55,0.31,77.57,3.03,8.08,25.25,,0.27,0.30,13.13,0.04,1.09,23.23,0.02,219.17,238.36,26.06,0.79,,,,,,,4.11,75.75,0.94,1.09,0.07,0.70,1.49,1.65,2.44,0.35,4.10,1.35,0.85,,1.45,2.06,2.33,0.76,1.09,1.13,27.40,0.94,1.16,0.32,0.93,1.36,"Poultry Products"
2020-07-07,10:17,Dinner,"Red Bell Peppers, Raw","107.00 g",27.82,0.06,0.09,1.05,0.34,0.31,0.00,5.99,49.22,0.00,3350.17,136.64,1.69,5.24,7.49,0.02,0.46,12.84,0.12,27.82,225.77,0.11,0.27,6.45,2.25,2.42,0.00,4.49,4.21,0.32,0.00,0.17,0.06,0.06,0.11,0.03,0.04,0.30,0.02,0.23,0.03,0.02,,0.02,0.04,0.04,0.01,0.05,0.03,1.06,0.05,0.04,0.01,0.01,0.03,"Vegetables and Vegetable Products"
2020-07-07,11:43,Dinner,"Cucumber, Raw, With Peel","204.00 g",30.60,0.06,0.07,0.20,0.53,0.08,0.00,12.24,14.28,0.00,214.20,5.71,0.06,33.46,32.64,0.08,0.57,26.52,0.16,48.96,299.88,0.61,0.41,7.41,2.33,1.77,1.69,3.41,5.08,0.22,0.00,0.07,0.08,0.01,0.06,0.05,0.09,0.08,0.01,0.40,0.05,0.02,,0.04,0.06,0.06,0.01,0.04,0.03,1.33,0.04,0.04,0.01,0.02,0.04,"Vegetables and Vegetable Products"
2020-07-07,,Dinner,"Egg, whole, raw, fresh, organic free range woodland","121.00 g",173.03,0.05,0.55,0.09,1.85,0.21,1.08,355.50,56.87,193.60,644.69,,1.27,0.36,67.76,0.09,2.12,14.52,0.03,239.58,166.98,37.15,1.56,0.87,,,,0.45,0.87,11.51,450.12,2.31,3.78,0.25,0.96,0.89,0.99,1.61,0.33,2.02,0.52,0.37,,0.81,1.31,1.10,0.46,0.82,0.62,15.20,1.17,0.67,0.20,0.60,1.04,"Dairy and Egg Products"
2020-07-07,21:10,Dinner,"Dijon Mustard","0.00 g",0.00,0.00,0.00,0.00,0.00,0.00,0.00,0.00,0.00,0.00,0.00,0.00,0.00,0.00,0.00,0.00,0.00,0.00,0.00,0.00,0.00,0.00,0.00,0.00,0.00,0.00,0.00,0.00,0.00,0.00,0.00,0.00,0.00,0.00,0.00,0.00,0.00,0.00,0.00,0.00,0.00,0.00,,0.00,0.00,0.00,0.00,0.00,0.00,0.00,0.00,0.00,0.00,0.00,0.00,"Spices and Herbs"
2020-07-07,20:33,Dinner,"Blackberries, Fresh","222.00 g",95.46,0.04,0.06,1.43,0.61,0.07,0.00,18.87,55.50,0.00,475.08,46.62,3.17,43.96,64.38,0.37,1.38,44.40,1.43,48.84,359.64,0.89,1.18,21.33,11.77,5.33,0.00,10.83,9.57,1.09,0.00,0.62,0.03,0.21,0.41,0.18,0.00,0.13,0.00,0.04,0.00,0.00,,0.00,0.00,0.00,0.00,0.00,0.02,3.09,0.04,0.02,0.00,0.00,0.02,"Fruits and Fruit Juices"
2020-07-08,05:17,Drinks,"Jasmine Tea","600.00 g",6.00,0.04,0.35,0.18,0.07,0.03,0.00,0.00,0.00,0.00,0.00,1.80,0.00,0.00,0.00,0.02,0.12,6.00,1.10,0.00,48.00,0.00,0.06,0.00,0.00,0.00,0.00,0.00,0.00,0.00,0.00,0.00,0.00,0.00,0.00,0.00,0.00,0.00,0.00,0.00,0.00,0.00,,0.00,0.00,0.00,0.00,0.00,0.00,1.32,0.00,0.00,0.00,0.00,0.00,"Beverages"
2020-07-08,,Lunch,"Fat, mutton tallow","6.00 g",54.12,,,,,,,4.79,,,,,0.17,,,,,,,,,0.01,,,,,,,,6.00,6.12,0.47,2.84,0.14,0.33,,,,,,,,,,,,,,,,,,,,,"Fats and Oils"
2020-07-08,,Lunch,"Salmon, Atlantic, Farmed, Raw","163.00 g",339.04,0.34,0.25,14.14,2.52,1.04,5.26,127.96,42.38,24.45,81.50,6.36,5.79,0.82,14.67,0.07,0.55,44.01,0.02,391.20,591.69,39.12,0.59,0.00,0.00,0.00,0.00,0.00,0.00,21.87,89.65,6.33,4.97,,,2.07,1.99,3.30,0.36,4.61,1.56,0.89,0.07,1.58,2.63,3.05,1.02,1.38,1.18,33.28,1.46,1.40,0.34,1.24,1.80,"Finfish and Shellfish Products"
2020-07-08,06:01,Lunch,"Lentils, Raw","40.00 g",140.80,0.35,0.08,1.04,0.86,0.22,,38.56,191.60,,15.60,1.80,0.20,2.00,14.00,0.30,2.60,18.80,0.56,112.40,270.80,0.04,1.31,25.34,4.28,0.11,19.96,0.81,21.06,0.42,,0.21,0.06,0.04,0.17,0.41,0.76,1.09,0.13,1.53,0.40,0.28,,0.43,0.71,0.69,0.08,0.49,0.41,9.85,0.45,0.35,0.09,0.26,0.49,"Legumes and Legume Products"
2020-07-08,,Lunch,"Soup, Stock, Chicken, Home-Prepared","303.00 g",109.08,0.11,0.26,4.80,,0.18,,27.88,15.15,3.03,9.09,0.61,0.09,0.61,9.09,0.16,0.64,12.12,,81.81,318.15,6.67,0.42,10.70,,,,4.79,10.70,3.64,9.09,0.65,0.97,0.03,0.62,,,,,,,,,,,,,,,7.64,,,,,,"Soups, Sauces, and Gravies"
2020-07-08,,Lunch,"Mushrooms, Raw","97.00 g",21.34,0.08,0.39,3.50,1.45,0.10,0.04,16.78,16.49,0.00,0.00,2.04,0.01,0.00,2.91,0.31,0.49,8.73,0.05,83.42,308.46,9.02,0.50,3.16,0.97,0.16,0.57,1.92,2.19,0.33,0.00,0.16,0.05,0.00,0.16,0.19,0.08,0.19,0.01,0.33,0.09,0.06,,0.07,0.12,0.10,0.03,0.08,0.07,3.00,0.09,0.10,0.03,0.04,0.23,"Vegetables and Vegetable Products"
2020-07-08,,Lunch,"Tomato Raw, Includes Cherry, Grape, Roma","115.00 g",20.70,0.04,0.02,0.68,0.10,0.09,0.00,7.71,17.25,0.00,957.95,15.75,0.62,9.09,11.50,0.07,0.31,12.65,0.13,27.60,272.55,0.00,0.20,4.47,1.38,1.58,0.00,3.02,3.09,0.23,0.00,0.10,0.03,0.00,0.09,0.03,0.02,0.16,0.01,0.50,0.02,0.02,,0.02,0.03,0.03,0.01,0.03,0.02,1.01,0.03,0.03,0.01,0.02,0.02,"Vegetables and Vegetable Products"
2020-07-08,,Lunch,"Collards, Raw","61.00 g",19.52,0.03,0.08,0.45,0.16,0.10,0.00,14.15,78.69,0.00,3061.59,21.53,1.38,266.63,141.52,0.03,0.29,16.47,0.40,15.25,129.93,0.79,0.13,3.31,2.44,0.13,0.59,0.28,0.87,0.37,0.00,0.12,0.03,0.07,0.05,0.06,0.08,0.11,0.02,0.12,0.06,0.03,,0.06,0.09,0.07,0.02,0.05,0.06,1.84,0.05,0.05,0.02,0.04,0.07,"Vegetables and Vegetable Products"
2020-07-08,,Lunch,"Garlic, Fresh","5.00 g",7.45,0.01,0.01,0.03,0.03,0.06,0.00,1.16,0.15,0.00,0.45,1.56,0.00,0.09,9.05,0.01,0.09,1.25,0.08,7.65,20.05,0.71,0.06,1.65,0.11,0.02,1.26,0.05,1.55,0.03,0.00,0.01,0.00,0.00,0.01,0.01,0.03,0.02,0.00,0.04,0.01,0.01,,0.01,0.02,0.01,0.00,0.01,0.01,0.32,0.01,0.01,0.00,0.00,0.01,"Vegetables and Vegetable Products"
2020-07-08,,Lunch,"Salt","8.00 g",0.00,0.00,0.00,0.00,0.00,0.00,0.00,0.00,0.00,0.00,0.00,0.00,0.00,0.00,1.92,0.00,0.03,0.08,0.01,0.00,0.64,0.01,0.01,0.00,0.00,0.00,0.00,0.00,0.00,0.00,0.00,0.00,0.00,0.00,0.00,0.00,0.00,0.00,0.00,0.00,0.00,0.00,,0.00,0.00,0.00,0.00,0.00,0.00,0.00,0.00,0.00,0.00,0.00,0.00,"Spices and Herbs"
2020-07-08,,Lunch,"Black Pepper, Ground","0.20 g",0.50,0.00,0.00,0.00,0.00,0.00,0.00,0.02,0.03,0.00,1.09,0.00,0.00,0.33,0.89,0.00,0.02,0.34,0.03,0.32,2.66,0.01,0.00,0.13,0.05,0.00,0.08,0.00,0.08,0.01,0.00,0.00,0.00,0.00,0.00,0.00,0.00,0.00,0.00,0.00,0.00,0.00,,0.00,0.00,0.00,0.00,0.00,0.00,0.02,0.00,0.00,0.00,0.00,0.00,"Spices and Herbs"
2020-07-08,,Lunch,"Sainsbury's Organic Mixed Herbs","0.20 g",0.57,0.00,0.00,0.01,0.00,0.00,,0.09,0.52,,9.34,0.08,0.02,2.40,3.48,0.00,0.13,0.64,0.01,0.40,2.50,0.01,0.01,0.13,0.08,0.00,0.04,0.01,0.05,0.02,,0.00,0.01,0.00,0.00,0.00,0.00,0.00,0.00,0.00,0.00,0.00,,0.00,0.00,0.00,0.00,0.00,0.00,0.02,0.00,0.00,0.00,0.00,0.00,"Spices and Herbs"
2020-07-08,,Lunch,"Curry Powder","2.00 g",6.50,0.00,0.00,0.07,0.02,0.00,0.00,1.28,1.12,0.00,0.38,0.01,0.50,2.00,10.50,0.02,0.38,5.10,0.17,7.34,23.40,0.81,0.09,1.12,1.06,0.02,0.00,0.06,0.05,0.28,0.00,0.06,0.03,0.01,0.06,0.01,0.02,0.04,0.00,0.05,0.02,0.01,,0.01,0.02,0.01,0.00,0.01,0.02,0.29,0.01,0.01,0.00,0.01,0.02,"Spices and Herbs"
2020-07-08,,Lunch,"Lemon Juice, Fresh","10.00 g",2.20,0.00,0.00,0.01,0.01,0.00,0.00,0.51,2.00,0.00,0.60,3.87,0.02,0.00,0.60,0.00,0.01,0.60,0.00,0.80,10.30,0.01,0.01,0.69,0.03,0.11,0.00,0.25,0.66,0.02,0.00,0.00,0.00,0.00,0.00,0.00,0.00,0.00,0.00,0.00,0.00,0.00,,0.00,0.00,0.00,0.00,0.00,0.00,0.03,0.00,0.00,0.00,0.00,0.00,"Fruits and Fruit Juices"
2020-07-08,,Lunch,"Egg shell, dried, ground","1.00 g",0.00,,,,,,,,,,,,,,400.00,,,4.50,,0.99,0.00,,0.00,0.00,0.00,0.00,0.00,0.00,0.00,0.00,,,,,,,,,,,,,,,,,,,,0.00,,,,,,"Dairy and Egg Products"
2020-07-08,,Lunch,"Arugula, Raw","20.00 g",5.00,0.01,0.02,0.06,0.09,0.01,0.00,3.06,19.40,0.00,474.60,3.00,0.09,21.72,32.00,0.02,0.29,9.40,0.06,10.40,73.80,0.06,0.09,0.73,0.32,0.20,0.00,0.41,0.41,0.13,0.00,0.06,0.02,0.03,0.03,,,,,,,,,,,,,,,0.52,,,,,,"Vegetables and Vegetable Products"
2020-07-08,,Lunch,"Watercress, Raw","20.00 g",2.20,0.02,0.02,0.04,0.06,0.03,0.00,1.80,1.80,0.00,638.20,8.60,0.20,50.00,24.00,0.02,0.04,4.20,0.05,12.00,66.00,0.18,0.02,0.26,0.10,0.01,0.02,0.04,0.16,0.02,0.00,0.01,0.01,0.00,0.00,0.03,0.03,0.04,0.00,0.04,0.02,0.01,,0.02,0.03,0.03,0.00,0.02,0.02,0.46,0.01,0.03,0.01,0.01,0.03,"Vegetables and Vegetable Products"
2020-07-08,10:16,Lunch,"Sweet Cherries, Fresh","480.00 g",302.40,0.13,0.16,0.74,0.96,0.24,0.00,29.28,19.20,0.00,307.20,33.60,0.29,10.08,62.40,0.29,1.73,52.80,0.34,100.80,1065.60,0.00,0.34,76.85,10.08,25.78,0.00,61.54,66.77,0.96,0.00,0.25,0.18,0.00,0.13,0.12,0.09,2.73,0.05,0.40,0.11,0.07,,0.10,0.14,0.15,0.05,0.12,0.19,5.09,0.14,0.11,0.04,0.07,0.12,"Fruits and Fruit Juices"
2020-07-08,21:25,Dinner,"Rye Bread","68.00 g",176.12,0.30,0.23,2.59,0.30,0.05,0.00,9.93,102.68,0.00,4.76,0.27,0.22,0.82,49.64,0.13,1.92,27.20,0.56,85.00,112.88,21.01,0.78,32.84,3.03,0.00,28.56,2.62,29.81,2.24,0.00,0.54,0.43,0.03,0.50,0.20,0.22,0.30,0.12,1.77,0.21,0.12,,0.22,0.39,0.16,0.09,0.28,0.62,5.78,0.28,0.17,0.07,0.14,0.26,"Baked Products"
2020-07-08,20:28,Dinner,"Butter, salted, organic","9.00 g",64.53,0.00,0.00,0.00,0.01,0.00,0.02,1.69,0.27,60.39,204.99,,0.21,0.63,2.16,,0.00,0.18,,2.16,2.16,0.09,0.01,0.01,,,,0.01,0.01,7.30,19.35,0.27,4.62,0.06,0.10,0.00,0.00,0.01,0.00,0.02,0.00,0.00,,0.00,0.01,0.01,0.00,0.00,0.01,0.08,0.00,0.00,0.00,0.00,0.01,"Dairy and Egg Products"
2020-07-08,20:28,Dinner,"Butter, salted, organic","21.00 g",150.57,0.00,0.01,0.01,0.02,0.00,0.04,3.95,0.63,140.91,478.32,,0.49,1.47,5.04,,0.00,0.42,,5.04,5.04,0.21,0.02,0.01,,,,0.01,0.01,17.03,45.15,0.64,10.79,0.13,0.23,0.01,0.01,0.01,0.00,0.04,0.00,0.00,,0.01,0.02,0.01,0.00,0.01,0.02,0.18,0.01,0.01,0.00,0.01,0.01,"Dairy and Egg Products"
2020-07-08,,Dinner,"Onion, White, Yellow or Red, Raw","61.00 g",24.40,0.03,0.02,0.07,0.08,0.07,0.00,3.72,11.59,0.00,1.22,4.51,0.01,0.24,14.03,0.02,0.13,6.10,0.08,17.69,89.06,0.31,0.10,5.70,0.89,0.79,0.00,2.59,4.81,0.06,0.00,0.01,0.03,0.00,0.01,0.01,0.06,0.06,0.00,0.16,0.02,0.01,,0.01,0.02,0.02,0.00,0.02,0.01,0.67,0.01,0.01,0.01,0.01,0.01,"Vegetables and Vegetable Products"
2020-07-08,13:18,Dinner,"Potatoes, White, Flesh and Skin, Raw","134.00 g",92.46,0.10,0.05,1.43,0.38,0.27,,14.74,24.12,,10.72,12.19,0.01,2.14,12.06,0.16,0.70,28.14,0.19,83.08,545.38,0.40,0.39,21.05,3.22,0.46,18.08,1.54,17.84,0.13,,0.06,0.03,0.01,0.04,0.07,0.11,0.52,0.03,0.38,0.06,0.04,,0.07,0.11,0.12,0.03,0.09,0.07,2.25,0.08,0.07,0.02,0.05,0.11,"Vegetables and Vegetable Products"
2020-07-08,21:35,Dinner,"Celeriac, Celery Root, Raw","109.00 g",45.78,0.05,0.07,0.76,0.38,0.18,0.00,9.81,8.72,0.00,0.00,8.72,0.39,44.69,46.87,0.08,0.76,21.80,0.17,125.35,327.00,0.76,0.36,10.03,1.96,0.39,1.58,1.74,8.07,0.33,0.00,0.16,0.09,0.00,0.16,0.10,0.04,0.17,0.00,0.31,0.05,0.02,,0.05,0.09,0.08,0.02,0.05,0.04,1.64,0.05,0.04,0.01,0.02,0.08,"Vegetables and Vegetable Products"
2020-07-08,,Dinner,"Garlic, Fresh","5.00 g",7.45,0.01,0.01,0.03,0.03,0.06,0.00,1.16,0.15,0.00,0.45,1.56,0.00,0.09,9.05,0.01,0.09,1.25,0.08,7.65,20.05,0.71,0.06,1.65,0.11,0.02,1.26,0.05,1.55,0.03,0.00,0.01,0.00,0.00,0.01,0.01,0.03,0.02,0.00,0.04,0.01,0.01,,0.01,0.02,0.01,0.00,0.01,0.01,0.32,0.01,0.01,0.00,0.00,0.01,"Vegetables and Vegetable Products"
2020-07-08,,Dinner,"Salt","8.00 g",0.00,0.00,0.00,0.00,0.00,0.00,0.00,0.00,0.00,0.00,0.00,0.00,0.00,0.00,1.92,0.00,0.03,0.08,0.01,0.00,0.64,0.01,0.01,0.00,0.00,0.00,0.00,0.00,0.00,0.00,0.00,0.00,0.00,0.00,0.00,0.00,0.00,0.00,0.00,0.00,0.00,0.00,,0.00,0.00,0.00,0.00,0.00,0.00,0.00,0.00,0.00,0.00,0.00,0.00,"Spices and Herbs"
2020-07-08,,Dinner,"Black Pepper, Ground","0.20 g",0.50,0.00,0.00,0.00,0.00,0.00,0.00,0.02,0.03,0.00,1.09,0.00,0.00,0.33,0.89,0.00,0.02,0.34,0.03,0.32,2.66,0.01,0.00,0.13,0.05,0.00,0.08,0.00,0.08,0.01,0.00,0.00,0.00,0.00,0.00,0.00,0.00,0.00,0.00,0.00,0.00,0.00,,0.00,0.00,0.00,0.00,0.00,0.00,0.02,0.00,0.00,0.00,0.00,0.00,"Spices and Herbs"
2020-07-08,,Dinner,"Curry Powder","2.00 g",6.50,0.00,0.00,0.07,0.02,0.00,0.00,1.28,1.12,0.00,0.38,0.01,0.50,2.00,10.50,0.02,0.38,5.10,0.17,7.34,23.40,0.81,0.09,1.12,1.06,0.02,0.00,0.06,0.05,0.28,0.00,0.06,0.03,0.01,0.06,0.01,0.02,0.04,0.00,0.05,0.02,0.01,,0.01,0.02,0.01,0.00,0.01,0.02,0.29,0.01,0.01,0.00,0.01,0.02,"Spices and Herbs"
2020-07-08,21:23,Dinner,"Lamb Roast, Leg, No Visible Fat Eaten","97.00 g",197.88,0.12,0.30,6.08,0.68,0.16,2.50,97.58,20.37,0.00,0.00,0.00,0.16,4.46,7.76,0.12,2.13,24.25,0.03,196.91,323.01,29.88,4.70,0.00,0.00,0.00,0.00,0.00,0.00,8.89,89.24,0.58,3.18,0.04,0.53,1.65,1.63,2.42,0.33,3.99,1.34,0.87,,1.33,2.14,2.43,0.71,1.12,1.15,27.50,1.02,1.18,0.32,0.92,1.48,"Lamb, Veal, and Game Products"
2020-07-08,10:17,Dinner,"Red Bell Peppers, Raw","104.00 g",27.04,0.06,0.09,1.02,0.33,0.30,0.00,5.82,47.84,0.00,3256.24,132.81,1.64,5.10,7.28,0.02,0.45,12.48,0.12,27.04,219.44,0.10,0.26,6.27,2.18,2.35,0.00,4.37,4.09,0.31,0.00,0.16,0.06,0.06,0.10,0.03,0.04,0.30,0.02,0.22,0.03,0.02,,0.02,0.04,0.04,0.01,0.05,0.02,1.03,0.05,0.04,0.01,0.01,0.03,"Vegetables and Vegetable Products"
2020-07-08,11:43,Dinner,"Cucumber, Raw, With Peel","141.00 g",21.15,0.04,0.05,0.14,0.37,0.06,0.00,8.46,9.87,0.00,148.05,3.95,0.04,23.12,22.56,0.06,0.39,18.33,0.11,33.84,207.27,0.42,0.28,5.12,1.61,1.23,1.17,2.35,3.51,0.16,0.00,0.05,0.05,0.01,0.04,0.03,0.06,0.06,0.01,0.28,0.03,0.01,,0.03,0.04,0.04,0.01,0.03,0.02,0.92,0.03,0.03,0.01,0.02,0.03,"Vegetables and Vegetable Products"
2020-07-08,,Dinner,"Egg, whole, raw, fresh, organic free range woodland","132.00 g",188.76,0.05,0.60,0.10,2.02,0.22,1.17,387.82,62.04,211.20,703.30,,1.39,0.40,73.92,0.10,2.31,15.84,0.04,261.36,182.16,40.52,1.70,0.95,,,,0.49,0.95,12.55,491.04,2.52,4.13,0.27,1.04,0.97,1.08,1.75,0.36,2.21,0.57,0.41,,0.89,1.43,1.20,0.50,0.90,0.68,16.58,1.28,0.73,0.22,0.66,1.13,"Dairy and Egg Products"
2020-07-08,21:10,Dinner,"Dijon Mustard","0.00 g",0.00,0.00,0.00,0.00,0.00,0.00,0.00,0.00,0.00,0.00,0.00,0.00,0.00,0.00,0.00,0.00,0.00,0.00,0.00,0.00,0.00,0.00,0.00,0.00,0.00,0.00,0.00,0.00,0.00,0.00,0.00,0.00,0.00,0.00,0.00,0.00,0.00,0.00,0.00,0.00,0.00,0.00,,0.00,0.00,0.00,0.00,0.00,0.00,0.00,0.00,0.00,0.00,0.00,0.00,"Spices and Herbs"
2020-07-08,20:33,Dinner,"Blackberries, Fresh","223.00 g",95.89,0.04,0.06,1.44,0.62,0.07,0.00,18.96,55.75,0.00,477.22,46.83,3.19,44.15,64.67,0.37,1.38,44.60,1.44,49.06,361.26,0.89,1.18,21.43,11.82,5.35,0.00,10.88,9.61,1.09,0.00,0.62,0.03,0.21,0.41,0.18,0.00,0.13,0.00,0.04,0.00,0.00,,0.00,0.00,0.00,0.00,0.00,0.02,3.10,0.04,0.02,0.00,0.00,0.02,"Fruits and Fruit Juices"
